com_id,com_code,com_name_ar,com_name_en,com_tel,com_address,com_usr_code,com_active,sec_insert_uid,sec_insert_date,sec_update_uid,sec_update_date
"239","239","ايمان فارما للأدوية","EMAN PHARM FOR DRUGS TRADING","","","","1","","","",""
"240","240","كريستيان ديور","CHRISTIAN DIOR","","","","1","","","",""
"241","241","سمريست","SOMERESET","","","","1","","","",""
"242","242","تترا","TETRA","","","","1","","","",""
"243","243","مديمبكس","MEDIMBEX","","","","1","","","1","20/09/2007 11:17:51 am"
"244","244","فرزن","FRESEN","","","","1","","","",""
"245","245","أيه أم دي","AMD","","","","1","","","",""
"246","246","امريو","EMRIO","","","","1","","","",""
"247","247","بربريشن","PREPARATION","","","","1","","","",""
"248","248","سانكوين سي أل بي","SANQUIN CLB","","","","1","","","",""
"249","249","لمسة","LAMSA","","","","1","","","",""
"250","250","الاسراء","AL ESRAA","","","","1","","","1","20/09/2007 1:30:02 pm"
"251","251","ريمان","REMAN","","","","1","","","1","08/12/2007 4:57:36 pm"
"252","252","دومس","DOMES","","","","1","","","",""
"253","253","برورينال","PRO RENAL","","","","1","","","",""
"254","254","فارما أنترناشيونال","PHARMA INTERNATIONAL","","","","1","","","",""
"255","255","توربت","TORBET","","","","1","","","",""
"256","256","نوفا","NOVA","","","","1","","","",""
"257","257","ميلبروزين","MELBROSIN INTERATION","","","","1","","","",""
"258","258","سينث لاب","SYNTHELABE","","","","1","","","",""
"259","259","ديلاجرانج","DELAGRANGE","","","","1","","","",""
"260","260","تيلوتس","TILLOTTS","","","","1","","","",""
"261","261","تايجين","TEIJIN","","","","1","","","",""
"262","262","ميديكال جايد","INTERNATIONAL MEDICAL GUIDE","","","","1","","","",""
"263","263","فارما جرين","PHARMA GREEN","","","","1","","","",""
"264","264","ميرج","MERGE","","","","1","","","",""
"265","265","البافارم","ALBAPHARM","","","","1","","","",""
"266","266","كولجيت","COLGATE","","","","1","","","",""
"267","267","تاكو","TAKO","","","","1","","","",""
"268","268","ال جي","L G","","","","1","","","1","18/09/2007 7:09:03 pm"
"269","269","بيفيرلي هيلز","BEVERLY HILLS","","","","1","","","",""
"270","270","بولجاري","BULGARI","","","","1","","","",""
"271","271","كارولينا هيريرا","CAROLINA HERRERA","","","","1","","","",""
"272","272","ليك سلوفينيا","LEK SLOVENIA","","","","1","","","",""
"273","273","انتونيو بيج","ANTONIO PUIG","","","","1","","","",""
"274","274","جورجيو ارماني","GIORGIO ARMANI","","","","1","","","",""
"275","275","فان كليف & اربيل","VAN  CLEEF &ARPLES","","","","1","","","",""
"276","276","اسكادا","ESCADA","","","","1","","","",""
"277","277","نينا ريتشي","NINA RICCI","","","","1","","","",""
"278","278","ليو فارماسوتيكال","LEO PHARMACEUTICAL","","","","1","","","",""
"279","279","مارينا بوربون","MARINA BOURBON","","","","1","","","",""
"280","280","بورجوا","BOURJOIS","","","","1","","","",""
"281","281","سوفاج","SAUVAGE","","","","1","","","",""
"282","282","سويس ارمي","SWISS ARMY","","","","1","","","",""
"283","283","ايكيت","EQUITE","","","","1","","","",""
"284","284","دولشي &جابانا","DOLCE & GABBANA","","","","1","","","",""
"285","285","نيكوس","NIKOS","","","","1","","","",""
"286","286","شوبارد","CHOPARD","","","","1","","","",""
"287","287","باكو رابان","PACO RABANNE","","","","1","","","",""
"288","288","ايف سانت لوران","YVE SAINT LAURENT","","","","1","","","1","08/12/2007 4:52:44 pm"
"289","289","كينزو","KENZO","","","","1","","","",""
"290","290","ستايل","STYLE","","","","1","","","",""
"291","291","بيل ميرا","BELLMIRA","","","","1","","","",""
"292","292","كلارينز","CLARINS","","","","1","","","",""
"293","293","كليرول","CLAIROL","","","","1","","","",""
"294","294","جوتشي","GUCCI","","","","1","","","",""
"295","295","كالفين كلاين","CALVIN KLEIN","","","","1","","","",""
"296","296","مويست ايجبت","MOISTEGYPT","","","","1","","","",""
"297","297","كيراستاس","KERASTASE","","","","1","","","",""
"298","298","سيتر شاين","CITRE SHINE","","","","1","","","",""
"299","299","ثيكر &فوللر","THICKER FULLER","","","","1","","","",""
"300","300","زيرو فريز","ZERO FRIZZ","","","","1","","","",""
"301","301","ماد","MUD","","","","1","","","",""
"302","302","ميلك & هوني","MILLK& HONEY","","","","1","","","",""
"303","303","داين","DIN","","","","1","","","1","08/12/2007 4:34:38 pm"
"304","304","جينرال","GENERAL","","","","1","","","",""
"305","305","ريكلان","RICLAN","","","","1","","","",""
"306","306","ستاندال","STANDHAL","","","","1","","","",""
"307","307","رالف لوران","RALPH LAUREN","","","","1","","","",""
"308","308","بالوما بيكاسو","PALOMA PICASSO","","","","1","","","",""
"309","309","ساندرا","SANDRA","","","","1","","","",""
"310","310","اكس","AXE","","","","1","","","",""
"311","311","امبالس","IMPULSE","","","","1","","","",""
"312","312","بوندز","PONDS","","","","1","","","",""
"313","313","كاشاريل","CACHAREL","","","","1","","","",""
"314","314","انتيسا","INTESA","","","","1","","","",""
"315","315","ماليزيا","MALIZIA","","","","1","","","",""
"316","316","سيكورا","SICURA","","","","1","","","",""
"317","317","ليزا","LIZA","","","","1","","","",""
"318","318","جيليت","GILLETE","","","","1","","","",""
"319","319","كارمين","CARMEN","","","","1","","","",""
"320","320","سويس ناتشر","SWISS NATURE","","","","1","","","",""
"321","321","روشا","ROCHAS","","","","1","","","",""
"322","322","لانكوم","LANCOME","","","","1","","","",""
"323","323","لانكيستر","LANCASTER","","","","1","","","",""
"324","324","شانيل","CHANEL","","","","1","","","",""
"325","325","استي لودر","ESTE LAUDER","","","","1","","","",""
"326","326","اورلان","ORLANE","","","","1","","","",""
"327","327","سانت ايفز","ST. IVES","","","","1","","","",""
"328","328","بريليل","BRELIL","","","","1","","","",""
"329","329","التر ايجو","ALTER EGO","","","","1","","","",""
"330","330","باور بادي","POWER BODY","","","","1","","","",""
"331","331","كريستيان لاكروا","CHRISTIAN LACROIX","","","","1","","","",""
"332","332","جيوفوري بين","GEOFFRY BEENE","","","","1","","","",""
"333","333","يوجي ياماماتو","YOHJI YAMAMATO","","","","1","","","",""
"334","334","اناسوي","ANNA SUI","","","","1","","","",""
"335","335","بيبي بوم","BABY BOOM","","","","1","","","",""
"336","336","جيفينشي","GIVENCHY","","","","1","","","",""
"337","337","ايزادورا","ISADORA","","","","1","","","",""
"338","338","ازارو","AZZARO","","","","1","","","",""
"339","339","ياردلي","YARDLEY","","","","1","","","",""
"340","340","كارينا","CARENA","","","","1","","","",""
"341","341","امون","AMOUN","","","","1","","","",""
"342","342","ليدرلى","LEDERLE","","","","1","","","",""
"343","343","لاكتويل","LACTUEL","","","","1","","","",""
"344","344","ري - كولور","RI COLOR","","","","1","","","",""
"345","345","فاتن","FATEN","","","","1","","","",""
"346","346","بايجن","BIGEN","","","","1","","","",""
"347","347","فريدي","FRREDY","","","","1","","","",""
"348","348","جست فور مين","JUST FOR MEN","","","","1","","","",""
"349","349","في او فايف","VO5","","","","1","","","",""
"350","350","فارماسي","FARMA CI","","","","1","","","",""
"351","351","جيني","JENNY","","","","1","","","",""
"352","352","ليللى","LILLY","","","","1","","","",""
"353","353","جيرلان","GURELAIN","","","","1","","","",""
"354","354","بلاك اوبال","BLACK OPAL","","","","1","","","",""
"355","355","كاجوال ماسي","CASUAL MASSY","","","","1","","","",""
"356","356","بودوجيل","PODOGEL","","","","1","","","",""
"357","357","بيل فيتا","BELL VITA","","","","1","","","",""
"358","358","بيتينا بارتي","BETTINA PARTY","","","","1","","","",""
"359","359","لورد & بيرري","LORD & BERRY","","","","1","","","",""
"360","360","ستروب","STRAUB","","","","1","","","",""
"361","361","ايفا جاردن","EVA GARDEN","","","","1","","","",""
"362","362","بالموليف","PALMOLIVE","","","","1","","","",""
"363","363","هيجرون","HEGRON","","","","1","","","",""
"364","364","جينسينج","GINSENG","","","","1","","","",""
"365","365","فيتا بوينت","VITA POINT","","","","1","","","",""
"366","366","فيرساتشي","VERSACE","","","","1","","","",""
"367","367","دوف","DOVE","","","","1","","","",""
"368","368","فري مان","FREE MAN","","","","1","","","",""
"369","369","بيكينز","PIKENZ","","","","1","","","",""
"370","370","جون سيبيل","JEUNE CYBELLE","","","","1","","","",""
"371","371","سيبيل","CYBELLE","","","","1","","","",""
"372","372","بريل كريم","BRYLCREAM","","","","1","","","1","08/12/2007 4:47:01 pm"
"373","373","ماكس فاكتور","MAX FACTOR","","","","1","","","",""
"374","374","بيو سويس","BIO SWISS","","","","1","","","",""
"375","375","روبيرتس","ROBERTS","","","","1","","","",""
"376","376","ستريتر & سموثر","STRAIGHTER & SMOOTHER","","","","1","","","",""
"377","377","هاي برو باك","HI PRO PAC","","","","1","","","",""
"378","378","روش دياجنوستيكس","ROCHE DIAGNOSTICS","","","","1","","","",""
"379","379","نيوتروجينا","NEUTROGENA","","","","1","","","",""
"380","380","نيفيا","NIVEA","","","","1","","","",""
"381","381","لوريال","LOREAL","","","","1","","","",""
"382","382","فيكتورياز سيكريت","VICTORIAS SECRET","","","","1","","","",""
"383","383","فايف ستارز","FIVE STARS","","","","1","","","",""
"384","384","هيلينا روبينشتاين","HELENA RUBENSTEIN","","","","1","","","",""
"385","385","كوون","KEUNE","","","","1","","","",""
"386","386","جي اف لازارتيج","J.F. LAZARTIGUE","","","","1","","","",""
"387","387","اون ليفان","EN LIVEN","","","","1","","","",""
"388","388","فيتشي","VICHY","","","","1","","","",""
"389","389","جريه","GRES","","","","1","","","",""
"390","390","بوشيرون","BOUCHERON","","","","1","","","",""
"391","391","بوبا","PUPA","","","","1","","","",""
"392","392","ريفيفر","REVIVRE","","","","1","","","",""
"393","393","ايفا كاي","EVA KAY","","","","1","","","",""
"394","394","كينابو","KANEBO","","","","1","","","",""
"395","395","لا برير","LA PRAIRE","","","","1","","","",""
"396","396","فام فريش","FEMME FRESH","","","","1","","","",""
"397","397","اونيكس","ONYX","","","","1","","","",""
"398","398","كاجال","KAJAL","","","","1","","","",""
"399","399","يولاي","ULAY","","","","1","","","",""
"400","400","لاباز","LABAZ","","","","1","","","",""
"401","401","ثرى ام هيلث كير","THREEM HEALTH CARE","","","","1","","","1","08/12/2007 4:35:51 pm"
"402","402","ادكو","ADCO","","","","1","","","1","20/09/2007 12:08:04 pm"
"403","403","ميريل دو","MERRELL DOW","","","","1","","","",""
"404","404","ميرك شارب اند دوم","MERCK SHARP & DOHME","","","","1","","","",""
"405","405","ريكسيل","REXCEL","","","","1","","","1","20/09/2007 3:12:17 pm"
"406","406","سيبافيجن","CIBA VISION","","","","1","","","",""
"407","407","لى بيتيت","LE PETIT","","","","1","","","",""
"408","408","اترال","ATRAL","","","","1","","","1","20/09/2007 12:13:19 pm"
"409","409","جلامور","GLAMOUR","","","","1","","","",""
"410","410","ماى واى","MY WAY","","","","1","","","",""
"411","411","ميديكو","MIDCO","","","","1","","","",""
"412","412","تايوان","TAIWAN","","","","1","","","",""
"413","413","جلوريا","GLORIA","","","","1","","","",""
"414","414","سبسيال","SPECIAL","","","","1","","","",""
"415","415","ماكيدا","MAKIDA","","","","1","","","",""
"416","416","جى بيبي","JGY BABY","","","","1","","","",""
"417","417","افري ميديكال","AFRI MEDICAL","","","","1","","","",""
"418","418","ميدى سرف","MEDI SERVE","","","","1","","","",""
"419","419","ميديمبكس","MEDIMPLEX","","","","1","","","",""
"420","420","اليرجان","ALLERGAN","","","","1","","","",""
"421","421","مينافارم","MINA PHARM","","","","1","","","",""
"422","422","ميركل","MERCKLE","","","","1","","","",""
"423","423","مهن طبية","MUP","","","","1","","","1","20/09/2007 12:21:10 pm"
"424","424","ميباكو","MEPACO","","","","1","","","",""
"425","425","مصر","MISR","","","","1","","","",""
"426","426","ممفيس","MEMPHIS","","","","1","","","",""
"427","427","ميلوبا","MILUPA","","","","1","","","",""
"428","428","مونتول","MONTOL","","","","1","","","",""
"429","429","مونتانا ناتشرلز","MONTANA NATURALS","","","","1","","","",""
"430","430","مارين","MARIYN","","","","1","","","",""
"431","431","مينارن","MENARN","","","","1","","","",""
"432","432","ميفا","MEPHA","","","","1","","","",""
"433","433","الكان","ALKAN","","","","1","","","",""
"434","434","ميكوم","MYCOM","","","","1","","","",""
"435","435","ماجستك","MAJSETIC","","","","1","","","",""
"436","436","نوفو نوردسك","NOVO NORDISK (N.N)","","","","1","","","",""
"437","437","الاسكندرية","ALEXANDRIA","","","","1","","","",""
"438","438","ناتورال فايتامينز","NATURALLY VITAMINS","","","","1","","","",""
"439","439","نوفارتس","NOVARTIS","","","","1","","","",""
"440","440","النصر","AL-NASR","","","","1","","","1","20/09/2007 12:05:15 pm"
"441","441","نستلة","NESTLE","","","","1","","","1","20/09/2007 11:23:27 am"
"442","442","النيل","AL-NILE","","","","1","","","",""
"443","443","نوتريشبا","NUTRICIA","","","","1","","","",""
"444","444","نيبون","NIPPON","","","","1","","","",""
"445","445","ابكس فارم","APEX PHARMA","","","","1","","","1","20/09/2007 11:24:44 am"
"446","446","ناتورال فارماسوتيكالز","NATURAL PHARMACEUTICALS","","","","1","","","",""
"447","447","نوفوفارما","NOVO PHARMA","","","","1","","","",""
"448","448","نيو لايف انترناشيونال","NU LIFE INTERNATIONAL","","","","1","","","",""
"449","449","نورتون","NORTON","","","","1","","","",""
"450","450","اوسبا فارم","OSPA PHARM","","","","1","","","",""
"451","451","الكون","ALCON","","","","1","","","",""
"452","452","اورجانون","ORGANON","","","","1","","","",""
"453","453","اكتوبر فارما","OCTOBER PHARMA","","","","1","","","",""
"454","454","اوتسوكا","OTSUKA","","","","1","","","",""
"455","455","اويسيس","OASIS","","","","1","","","",""
"456","456","بارك دافيس","PARKE DAVIS","","","","1","","","",""
"457","457","بيير فابر","PIERRE FABRE","","","","1","","","",""
"458","458","فارماسيا اند ابجون","PHARMACIA & UPJHON","","","","1","","","",""
"459","459","السيتان","ALSITAN","","","","1","","","",""
"460","460","الاهرام","PYRAMIDS","","","","1","","","1","20/09/2007 12:02:47 pm"
"461","461","الاهرام الدولى","PYRAMIDS INTERNATIONAL","","","","1","","","",""
"462","462","فاركو 1","PHARCO 1","","","","1","","","",""
"463","463","فايزر","PFIZER","","","","1","","","",""
"464","464","بان فارما","PAN PHARMA","","","","1","","","",""
"465","465","الفرعونية","AL-PHARAONIA","","","","1","","","",""
"466","466","بول","POHL","","","","1","","","",""
"467","467","ابوت محلى","ABBOTT LOCAL","","","","1","","","1","08/12/2007 4:37:45 pm"
"468","468","بييت","PIETTE","","","","1","","","",""
"469","469","بروكتر و جامبل","PROCTOR & GAMBLE EGYPT","","","","1","","","",""
"470","470","برودز","PRODES","","","","1","","","",""
"471","471","روا- واجنر","ROWA WAGNER","","","","1","","","",""
"472","472","راميدا","RAMEDA","","","","1","","","",""
"473","473","جولدن كوين","GOLDEN QUEEN","","","","1","","","",""
"474","474","ريكير","RIKER","","","","1","","","",""
"475","475","هوفمان لاروش","HOFFMAN LA ROCHE","","","","1","","","",""
"476","476","رافيزا","RAVIZZA","","","","1","","","",""
"477","477","سكات","SCAT","","","","1","","","",""
"478","478","سيرونو","SERONO","","","","1","","","",""
"479","479","سيجفريد","SIEGFRIED","","","","1","","","",""
"480","480","رانبكسى","RANBAXY","","","","1","","","",""
"481","481","العامرية","AL AMRIYA","","","","1","","","1","08/12/2007 4:40:01 pm"
"482","482","رويميرز","ROEMMERS S.A.I.C.F","","","","1","","","",""
"483","483","سيسو","SISU","","","","1","","","",""
"484","484","سويفكو","SUEFCO","","","","1","","","",""
"485","485","سوانكو","SWANCO","","","","1","","","",""
"486","486","سبيماكو","SPIMACO","","","","1","","","",""
"487","487","شيرينج بلوف","SCHERING PLOUGH","","","","1","","","",""
"488","488","شيرينج اى.جى","SCHERING A.g","","","","1","","","",""
"489","489","سميث كلاين بيكام","SMITH KLINE BEECHAM","","","","1","","","",""
"490","490","سيديكو","SEDICO","","","","1","","","",""
"491","491","سان ناتشرليز","SUN NATURALS","","","","1","","","",""
"492","492","سيرل","SEARLE","","","","1","","","",""
"493","493","سيرفيير","SERVIER","","","","1","","","",""
"494","494","سانت","SANTE","","","","1","","","",""
"495","495","سانوفى سينثيلابو","SANOFI SYNTHELABO","","","","1","","","",""
"496","496","شوارتز","SCHWARZ","","","","1","","","",""
"497","497","سيجما","SIGMA","","","","1","","","",""
"498","498","اكواجن انترناشيونال","AQUAGEN INTERNATIONAL","","","","1","","","",""
"499","499","اس اى بى","SAB","","","","1","","","",""
"500","500","د.تيلو - كوزى","THILO CUSI","","","","1","","","",""
"501","501","تيشون","TISCHON","","","","1","","","",""
"502","502","تى ثرى ايه","T3A","","","","1","","","",""
"503","503","اكو كابس","ACCUCAPS","","","","1","","","",""
"504","504","بوس","BOSS","","","","1","","","",""
"505","505","كورين دي بريونز","CORYNES DE BRUYNES","","","","1","","","",""
"506","506","ويلا","WELLA","","","","1","","","",""
"507","507","روبافارم","ROBAPHARM","","","","1","","","",""
"508","508","باستير ميريو","PASTEUR MERIEUX","","","","1","","","",""
"509","509","ليركين","LERQUIN","","","","1","","","",""
"510","510","كوين","QUEEN","","","","1","","","",""
"511","511","دولورجيت","DOLORGIT","","","","1","","","",""
"512","512","فيتا فيجور","VITA VIGOR","","","","1","","","",""
"513","513","فاكسيرا","VACSERA","","","","1","","","1","20/09/2007 12:04:36 pm"
"514","514","فايوبايوتكس","VITABIOTICS","","","","1","","","",""
"515","515","فيتامك","VITAMEC","","","","1","","","",""
"516","516","اتوس سيكم","Atos Sekem","","","","1","","","1","20/09/2007 12:14:27 pm"
"517","517","ايتون","EATON","","","","1","","","",""
"518","518","فارميتاليا كارلتو ايربا اف  سى اى","FARMITALIA CARLO ERBA","","","","1","","","",""
"519","519","فرينج","FERRING","","","","1","","","",""
"520","520","فيريسنيوس","FERESENIUS","","","","1","","","",""
"521","521","فرست ام","FIRST . M","","","","1","","","",""
"522","522","فورنيير","FOURNIER","","","","1","","","",""
"523","523","فيوتشور بايوتكس","FUTURE BIOTICS","","","","1","","","",""
"524","524","جيديون ريختر","GEDEON  RICHTER","","","","1","","","",""
"525","525","جلوبال","GLOBAL NAPI","","","","1","","","1","20/09/2007 8:27:25 pm"
"526","526","جريم كروس كوريا","GREEN CROSS KOREA","","","","1","","","",""
"527","527","جلاكسو","GLAXO WELCOME","","","","1","","","",""
"528","528","جيروت","GEROT","","","","1","","","",""
"529","529","جربر","GERBER","","","","1","","","",""
"530","530","نيكوميد","NYCOMED","","","","1","","","",""
"531","531","هرمس","HERMES","","","","1","","","",""
"532","532","اتش ماك","H MACK","","","","1","","","1","20/09/2007 12:13:30 pm"
"533","533","هلث فيتا","HEALTH VITA","","","","1","","","",""
"534","534","هاى فارم","HI PHARM","","","","1","","","",""
"535","535","هيب","HIPP","","","","1","","","",""
"536","536","اى سى ان فارماسوتيكالز","ICN  PHARMACEUTICALS","","","","1","","","",""
"537","537","انترناشيونال فايتامين كورب","INTERNATIONAL VITAMIN CORP","","","","1","","","",""
"538","538","بيك جالدن","BYK GULDEN","","","","1","","","",""
"539","539","اى بى اى","IBI","","","","1","","","",""
"540","540","جانسن سيلاج جى سى","JANSSEN  CILAG","","","","1","","","",""
"541","541","جولفار","JULPHAR","","","","1","","","",""
"542","542","جونسون & جونسون","JOHNSON & JOHNSON","","","","1","","","",""
"543","543","جوفات","JUVAT","","","","1","","","",""
"544","544","الترا كير","ULTRA CARE","","","","1","","","",""
"545","545","وييث ايرست","WYETH  AERST","","","","1","","","",""
"546","546","والتر رايتر","WALTER  RITER","","","","1","","","",""
"547","547","وكهاردت ايجبت","WOCKHARDT EGYPT","","","","1","","","",""
"548","548","وايدك","WEIDEC","","","","1","","","",""
"549","549","وايتهل وايت","WHITEHALL WHITE","","","","1","","","1","08/12/2007 4:55:41 pm"
"550","550","وايوتس","YIOTIS","","","","1","","","",""
"551","551","زنكيا","ZENCEA","","","","1","","","",""
"552","552","بورنجر انجلهايم","BOEHRINGER INGELHEIM","","","","1","","","",""
"553","553","الشركة العربية للعطور و الكيماويات","ARAB PERFUME &  CHEMICALS (APC)","","","","1","","","",""
"554","554","باير","BAYER","","","","1","","","",""
"555","555","القاهرة","AL-KAHIRA","","","","1","","","",""
"556","556","نول","KNOLL","","","","1","","","",""
"557","557","كركا","KRKA","","","","1","","","",""
"558","558","كينجز","KINGS","","","","1","","","",""
"559","559","برستول مايرز سكويب","BRISTOL MEYRS SQUIBB","","","","1","","","",""
"560","560","ستيفيل","STIEFEL","","","","1","","","",""
"561","561","بيوكيم","BIOCHEM","","","","1","","","",""
"562","562","فوتورا","FUTURO","","","","1","","","",""
"563","563","ايجى فارم","EGYPT PHARMA GROUP","","","","1","","","1","20/09/2007 2:45:26 pm"
"564","564","فيسونز","FISONS","","","","1","","","",""
"565","565","بوش اند لومب","BAUCH AND LOMB","","","","1","","","1","08/12/2007 4:46:08 pm"
"566","566","لايف سكان","LIFE SCAN","","","","1","","","",""
"567","567","الجمهورية","EL GOMHOURIAH","","","","1","","","",""
"568","568","بورينجر  مانهايم","BOEHRINGER MANNHEIM","","","","1","","","",""
"569","569","بى لايت","B LIGHT","","","","1","","","",""
"570","570","امرى فيت","AMRI FIT","","","","1","","","",""
"571","571","اسبيكو","ESPICO","","","","1","","","",""
"572","572","بيوجال","BIGALl","","","","1","","","",""
"573","573","براكو","BRACCO","","","","1","","","",""
"574","574","بيوسنث","BIOSYNTH","","","","1","","","",""
"575","575","اركو فارم","ARKO PHARM","","","","1","","","",""
"576","576","بيرنا","BERNA","","","","1","","","",""
"577","577","بيوترون","BIOTRON","","","","1","","","",""
"578","578","بوتس","BOOTS","","","","1","","","",""
"579","579","بى هلث","BEE HEALTH","","","","1","","","",""
"580","580","استرا زينيكا","ASTRA ZENECA","","","","1","","","",""
"581","581","كلان ميدى","CLIN MEDY","","","","1","","","",""
"582","582","سيد","CID","","","","1","","","",""
"583","583","كارلسون","CARLSON","","","","1","","","",""
"584","584","كوزى","CUSI","","","","1","","","",""
"585","585","شينيون","CHINION","","","","1","","","",""
"586","586","كونفاتك","CONVATEC","","","","1","","","",""
"587","587","استا ميديكا","ASTA MEDICA","","","","1","","","",""
"588","588","سبيمين","CBEMIN","","","","1","","","",""
"589","589","سيفاك","CEFAK","","","","1","","","",""
"590","590","دلفت","DELFT","","","","1","","","",""
"591","591","دلتا فارم","DELTA Pharm","","","","1","","","1","18/10/2007 10:44:53 am"
"592","592","دوفار","DUPHAR","","","","1","","","",""
"593","593","دومكس","DUMEX","","","","1","","","",""
"594","594","دو بون","DU PONT","","","","1","","","",""
"595","595","ادويا","ADWIA","","","","1","","","",""
"596","596","دى بى ال","DBL","","","","1","","","",""
"597","597","سويد لايف هيلث برودكت","SWEDLIFE HEALTH PRODUCT","","","","1","","","",""
"598","598","ايماك","EIMC","","","","1","","","",""
"599","599","ناتشير بونتى","NATURES BAOUNTY","","","","1","","","",""
"600","600","الو فيرا كايرو","ALOE VERA CAIEO","","","","1","","","",""
"601","601","ايما فارم","EMA PHARM","","","","1","","","",""
"602","602","ويست كوست لابوراتورى","WEST COAST LABORATORIES","","","","1","","","",""
"603","603","مافالا","MAVALA","","","","1","","","",""
"604","604","سولينجين","SOLINGIN","","","","1","","","",""
"605","605","نوفارتس فارما","NOVARTIS PHARM","","","","0","","","1","20/09/2007 7:30:46 pm"
"606","606","كيما فارم","CHEMIPHARM","","","","1","","","",""
"607","607","افارن","AVERN","","","","1","","","",""
"608","608","كوباد ايجيبت","COPAD EGYPT","","","","1","","","1","20/09/2007 3:17:39 pm"
"609","609","لانا لمستحضرات التجميل","LAMA COSMETICS","","","","1","","","",""
"610","610","لافندر","LAVANDER","","","","1","","","",""
"611","611","سيمبلكس","SIMPLEX","","","","1","","","",""
"612","612","ايه تو فارما","A2 PHARMA","","","","1","","","",""
"613","613","سيبتونا","SYPTONA","","","","1","","","",""
"614","614","ريفيتال","REVITAL","","","","1","","","",""
"615","615","سيلكا","SILKA","","","","1","","","",""
"616","616","رايا","RIA","","","","1","","","",""
"617","617","هارتمان","HARTMANN","","","","1","","","",""
"618","618","جيبو","GIBAUD","","","","1","","","",""
"619","619","ممكو","MEMCO","","","","1","","","",""
"620","620","تركيبات صيدلية","PHARMACEUTICS","","","","1","","","",""
"621","621","دابر املا","DABER AMLA","","","","1","","","",""
"622","622","بيوبوينت","BIOPOINT","","","","1","","","",""
"623","623","جوردان","GORDON","","","","1","","","",""
"624","624","تيتانيا","TITANIA","","","","1","","","",""
"625","625","انترهلث اي.بى","INTER HEALTH","","","","1","","","",""
"626","626","جينتنور","GENTINOR","","","","1","","","",""
"627","627","ثيراسينس","THERASENS","","","","1","","","",""
"628","628","مداوس","MADAWES","","","","1","","","",""
"629","629","مؤسسة التجارة الدولية","INTERNATIONAL FIRM FOR TRADING","","","","1","","","",""
"630","630","برايم","PRIME","","","","1","","","",""
"631","631","كيمكو","KIMKO","","","","1","","","",""
"632","632","الفا جروب","ALPHA GROUP","","","","1","","","",""
"633","633","فارماسيرف","PHARMA SERVICE","","","","1","","","",""
"634","634","قسمه والشبراويشى","KESMA & SHABRAWISHY","","","","1","","","",""
"635","635","جمجوم فارما","JAMJOOM PHARMA","","","","1","","","",""
"636","636","ايبسى","EPCI","","","","1","","","",""
"637","637","هاى كير","HI CARE","","","","1","","","",""
"638","638","اوتى فارما","OTE PHARMA","","","","1","","","",""
"639","639","فارما كير","PHARMA CARE","","","","1","","","",""
"640","640","فيتا فارم","VITA PHARM","","","","1","","","",""
"641","641","زاد فارما","ZAD PHARMA","","","","1","","","",""
"642","642","بيودرم","BIODERM","","","","1","","","",""
"643","643","كليفن","CLIVEN","","","","1","","","",""
"644","644","بيبى جونيور","BABY JUNIOR","","","","1","","","",""
"645","645","ليبتيس فارماسوتيكالز","LIPTIS PHARMACEUTICALS","","","","1","","","",""
"646","646","فيلو فارم","PHILO PHARM","","","","1","","","",""
"647","647","فارما جل","PHARMA GEL","","","","1","","","",""
"648","648","الاوروبية المصرية للصناعات الدوائية","E E P","","","","1","","","",""
"649","649","سانا كير","SANA CARE","","","","1","","","",""
"650","650","لاكتو مصر","LACTO MISR","","","","1","","","",""
"651","651","سينوشن نينجبو","SINCOCHEN NINGOO","","","","1","","","",""
"652","652","جيرمند","GERMED","","","","1","","","",""
"653","653","جيربتس","GUERBET","","","","1","","","",""
"654","654","بيو فارم","BIOPHARM","","","","1","","","",""
"655","655","نوفوكال","NOVOCAL","","","","1","","","",""
"656","656","ناتيفيل","NATIVELLE","","","","1","","","",""
"657","657","أوكسو كيم","OXO CHEMIE","","","","1","","","",""
"658","658","ويل فارم","WILL PHARMA","","","","1","","","",""
"659","659","روجال","ROGAL","","","","1","","","",""
"660","660","بينس","PINES","","","","1","","","",""
"661","661","ميجا فارم","MEGA PHARM","","","","1","","","1","20/09/2007 11:36:59 am"
"662","662","الترا فارم","ULTRA PHARM","","","","1","","","",""
"663","663","سينا فارم","SINA PHARM","","","","1","","","",""
"664","664","شارل جوردون","CHARLES JOURDAN","","","","1","","","",""
"665","665","فارما سينس","PHARMA SCIENCE","","","","1","","","",""
"666","666","ميستر بيبى","MISTER BABY","","","","1","","","",""
"667","667","تاتش","TOUCH","","","","1","","","",""
"668","668","سوبر فارما","SUPER PHARMA","","","","1","","","",""
"669","669","ماكرو فارما","MARCO PHARMA","","","","1","","","",""
"670","670","صيادلة مصر","EGYPT PHARMACIST","","","","1","","","",""
"671","671","فارما جين","PHARMAGIN","","","","1","","","",""
"672","672","ماش","MASH","","","","1","","","",""
"673","673","بانكس","PANAX","","","","1","","","",""
"674","674","جيلاتين","ARAB GELATIN","","","","1","","","",""
"675","675","ميديا","MEDIA INTERNATIONAL","","","","1","","","",""
"676","676","العبور","AL ABOUR","","","","1","","","",""
"677","677","ميدى تريد اوميجا","MEDITRADE OMEGA","","","","1","","","",""
"678","678","زد ال بى","ZLB BIOPLASMA AG","","","","1","","","",""
"679","679","فاركو 2","PHARCO 2","","","","0","","","1","22/01/2008 3:42:05 am"
"680","680","دايناستى","DYNASTY","","","","1","","","",""
"681","681","فارما سويفت","PHARMA SWIFT","","","","1","","","",""
"682","682","جيومار","GOEMAR","","","","1","","","",""
"683","683","يو سى بى","U.C.P","","","","1","","","",""
"684","684","ايرست","AYREST","","","","1","","","",""
"685","685","اس ايه اف","SEF","","","","1","","","",""
"686","686","بريتش كود ليفر اوييل","BRITISH COD LIVER OIL","","","","1","","","",""
"687","687","ميدى كير","MED-CARE","","","","1","","","",""
"688","688","ايه اتش روبين","AH ROBINS","","","","1","","","",""
"689","689","انتيجن","ANTIGEN","","","","1","","","",""
"690","690","اورجو","URGO","","","","1","","","",""
"691","691","برماميد","PERMAMED","","","","1","","","",""
"692","692","كير هيلث","CARE HEALTH","","","","1","","","",""
"693","693","سارا","SARA","","","","1","","","",""
"694","694","تاييه","TAI","","","","1","","","",""
"695","695","ميرفو","MWEVO","","","","1","","","",""
"696","696","كريدو","KREDO","","","","1","","","",""
"697","697","د.جيبو","DR.GIBAUD","","","","1","","","",""
"698","698","ستيود","STUD","","","","1","","","",""
"699","699","وزارة الصحة","M.O.H","","","","1","","","",""
"700","700","هايدلينا","HAIDYLENA","","","","1","","","",""
"701","701","شيرون","CHIRON","","","","1","","","",""
"702","702","ميرك فارم","MERCK PHARM","","","","1","","","",""
"703","703","ميديك ايجبت","MEDIC EGYPT","","","","1","","","",""
"704","704","فيتو","PHYTO","","","","1","","","",""
"705","705","كوبيرتون","COPPERTONE","","","","1","","","",""
"706","706","سوفيكو","SOFICO","","","","1","","","",""
"707","707","افينت","AVENT","","","","1","","","",""
"708","708","سيبلا","CIPLA","","","","1","","","",""
"709","709","كوكس بى اتش","COX PH","","","","1","","","",""
"710","710","سولفى","SOLVAY","","","","1","","","",""
"711","711","توب زد","TOP Z","","","","1","","","",""
"712","712","جيسي فارم","G.Y.S.I","","","","1","","","",""
"713","713","سمارت فارم","SMART PHARM","","","","1","","","",""
"714","714","ميدى فارم","MEDI PHARM","","","","1","","","",""
"715","715","تيد لابيدوس","TED LAPIDUS","","","","1","","","",""
"716","716","بولى فارم","POLY PHARM","","","","1","","","",""
"717","717","ف 0 نت اجبت","F O NET EGYPT","","","","1","","","",""
"718","718","ايه بى ون","A B ONE","","","","1","","","",""
"719","719","ريرى","RIRI","","","","1","","","",""
"720","720","نهر الاردن","NAHR AL ORDON","","","","1","","","",""
"721","721","فارمابلاست","PHARMAPLAST","","","","1","","","",""
"722","722","فارما كلينيك","PHARMA CLINIC","","","","1","","","1","20/09/2007 2:06:25 pm"
"723","723","ايجيبت هربال","EGYPT HERBAL","","","","1","","","",""
"724","724","البرج","BORG PH. IND.","","","","1","","","",""
"725","725","ايميج","IMAGE","","","","1","","","",""
"726","726","ايبا فارم","EPA PHARM","","","","1","","","",""
"727","727","تابوك","TABUK","","","","1","","","",""
"728","728","كريسلر","KREUSSLER","","","","1","","","",""
"729","729","الخيال","AL KHAYAL","","","","1","","","",""
"730","730","اتش.سيرم","H.SERUM AMD","","","","1","","","",""
"731","731","ايه زد","A Z","","","","1","","","1","20/09/2007 3:16:55 pm"
"732","732","فالكون جروب","FALCON GROUP","","","","1","","","",""
"733","733","دانية","DANIA","","","","1","","","1","20/09/2007 12:15:43 pm"
"734","734","دى لا لاند","DE LA LAND","","","","1","","","",""
"735","735","دى دى دى","D D D","","","","1","","","",""
"736","736","درما ساينس","DERMA SCIENCE","","","","1","","","",""
"737","737","ديبات","DEBAT","","","","1","","","",""
"738","738","اكابى","ACAPI","","","","1","","","1","08/12/2007 4:40:49 pm"
"739","739","اى جى دى","E G D","","","","1","","","1","20/09/2007 2:28:06 pm"
"740","740","ايبيكو","EIPICO","","","","1","","","",""
"741","741","ايجس","EGIS","","","","1","","","",""
"742","742","ايفا","EVA","","","","1","","","",""
"743","743","ايبيوى","EBEWE","","","","1","","","",""
"744","744","ايكارت","ECKHART","","","","1","","","",""
"745","745","ايلرت","ELERTE","","","","1","","","",""
"746","746","افون","AVON","","","","1","","","",""
"747","747","اوريفلام","ORIFLAME","","","","1","","","",""
"119","119","ايزو ميديكا","ISO MEDICA","","","","1","","","",""
"120","120","بيتا فارم","BITA PHARM","","","","1","","","",""
"121","121","كابي","KABI","","","","1","","","",""
"122","122","دوماكو","DOMACO","","","","1","","","",""
"123","123","ريشلر","RICHELER","","","","1","","","",""
"124","124","اوريتس","ORITIS","","","","1","","","",""
"125","125","مينثولاتم","MENTHOLATUM","","","","1","","","",""
"126","126","بينو سيلفيستر","PINO SILVESTRE","","","","1","","","",""
"127","127","شين بونج فارما","SHIN PONG PHARMA","","","","1","","","",""
"128","128","بيجينج يونيون","BEIJING UNION","","","","1","","","",""
"129","129","سانكيو فارما","SANKYO PHARMA","","","","1","","","",""
"130","130","ايجيبشان بروموترز سنتر","EGYPTIAN  PROMOTERS CENTER","","","","1","","","1","20/09/2007 1:41:57 pm"
"131","131","وايمر","WEIMER","","","","1","","","",""
"132","132","جيسلك فارما","GEISTLICH  PHARMA","","","","1","","","",""
"133","133","تكنو ايجبت","TECHNO EGYPT","","","","1","","","",""
"134","134","تراست ميديكال","TRUST MEDICAL","","","","1","","","",""
"135","135","الصفوة","AL SAFWA","","","","1","","","1","08/12/2007 4:39:38 pm"
"136","136","لادي فيت","LADY VIT","","","","1","","","",""
"137","137","هيبا كير","HEBI CARE","","","","1","","","",""
"138","138","مايولي  سبندلر","MAYOLY SPINDLER","","","","1","","","",""
"139","139","بيوتست","BIOTEST","","","","1","","","",""
"140","140","فيرميون","FERMION","","","","1","","","",""
"141","141","ايجي فار","EGYPHAR","","","","1","","","1","20/09/2007 1:41:46 pm"
"142","142","شواب","SCHWAB","","","","1","","","",""
"143","143","مالتى لينك","MULTI LINK","","","","1","","","",""
"144","144","بي.بي.إل","B.P.L","","","","1","","","",""
"145","145","ماي أند بيكر","MAY & BAKER","","","","1","","","",""
"146","146","ماركريل","MARCRYL","","","","1","","","",""
"147","147","اماندا","AMANDA","","","","1","","","",""
"148","148","ايفا فارما","EVA PHARMA","","","","1","","","",""
"149","149","ستادا","STADA","","","","1","","","1","30/10/2007 5:23:01 am"
"150","150","ميرز","MERZ","","","","1","","","",""
"151","151","ميديكا اوفرسيز","MEDICA OVERSEAS","","","","1","","","",""
"152","152","ريكيليت لابز","RICHELETE LABS","","","","1","","","",""
"153","153","كومفيتا","COMVITA","","","","1","","","",""
"154","154","ماميش جي.إم.بي.إتش","MAMISCH G.M.B.H.","","","","1","","","",""
"155","155","ليون","LEON","","","","1","","","",""
"156","156","اوم فارما","OM PHARMA","","","","1","","","",""
"157","157","اير كاست","AIR CASTt","","","","1","","","",""
"158","158","شاو","CIAP","","","","1","","","",""
"159","159","ناترول","NATROL INC.","","","","1","","","",""
"160","160","واسن إنترناشيونال","WASSON INTL","","","","1","","","",""
"161","161","ميديكاتور","MEDICATOR","","","","1","","","",""
"162","162","ايجبت ميديكال","EGYPT MEDICAL","","","","1","","","",""
"163","163","فارما أوفرسيس","PHARMA OVERSEAS","","","","1","","","",""
"164","164","نيولاين فارما","NEW LINE PHARMA","","","","1","","","",""
"165","165","اتش فاور","H  FAURE","","","","1","","","",""
"166","166","نيل جروب فارما","NILE GROUP PHARMA","","","","1","","","",""
"167","167","نير هادو","NERHADOU","","","","1","","","",""
"168","168","ياسمينا","YASMINA","","","","1","","","",""
"169","169","كريستينا","CHRISTINA","","","","1","","","",""
"170","170","وايزر","WEIZER","","","","1","","","",""
"171","171","الكمال","AL KAMAL","","","","1","","","",""
"172","172","لوتس فارم","LOUTAS PHARM","","","","1","","","",""
"173","173","الايمان","AL EMAN","","","","1","","","",""
"174","174","مفرا","MAFRA","","","","1","","","",""
"175","175","فيليبس","PHILIPS","","","","1","","","",""
"176","176","ميسلين","MISSLINE","","","","1","","","",""
"177","177","موفينج","MOVING","","","","1","","","",""
"178","178","هاينز","HEINZ","","","","1","","","",""
"179","179","لونا","LUNA","","","","1","","","",""
"180","180","ايجو","EGO","","","","1","","","",""
"181","181","فينوسان","VENOSAN","","","","1","","","",""
"182","182","مميكو","MMECO","","","","1","","","",""
"183","183","جيمكس","GEMIX","","","","1","","","",""
"184","184","ليفر مصر","LIVER MISR","","","","1","","","",""
"185","185","حنارة","HENARA","","","","1","","","",""
"186","186","اورجانيك","ORGANIC","","","","1","","","1","20/09/2007 2:20:03 pm"
"187","187","جودى","GOODY","","","","1","","","",""
"188","188","كارتيه","CARTIER","","","","1","","","",""
"189","189","سامسارا","SAMSARA","","","","1","","","",""
"190","190","جوب","JOOP","","","","1","","","",""
"191","191","واى اس ال","Y.S.L","","","","1","","","",""
"192","192","لانفين","LANVIN","","","","1","","","",""
"193","193","فروتينى","FRUTTINI","","","","1","","","",""
"194","194","سانوسان","SANOSAN","","","","1","","","",""
"195","195","جاجور","JAGUAR","","","","1","","","",""
"196","196","سالفادور دالى","SALVADOR DALE","","","","1","","","",""
"197","197","بيناتون","BENETTON","","","","1","","","",""
"198","198","اليزيبث اردين","ELIZABETH ARDEN","","","","1","","","",""
"199","199","لاجيرفيلد","LAGERFELD","","","","1","","","",""
"200","200","اديدس","ADIDAS","","","","1","","","",""
"201","201","كاسويل ماسى","CASWELL MASSEY","","","","1","","","",""
"202","202","ريميل","RIMMEL","","","","1","","","",""
"203","203","يونيكيو","UNIQUE","","","","1","","","",""
"204","204","دانهل","DANHILL","","","","1","","","",""
"205","205","كوزميا","COSMEA","","","","1","","","",""
"206","206","فارما جروب","PHARMA GROUP","","","","1","","","",""
"207","207","بولار","POLAR","","","","1","","","",""
"208","208","ميراكل","MIRACLE","","","","1","","","",""
"209","209","فارما","PHARMA","","","","1","","","",""
"210","210","ستيب فارما","STEP PHARMA","","","","1","","","",""
"211","211","هنكل","HENKEL","","","","1","","","",""
"212","212","رينو فارم","RINO PHARM","","","","1","","","",""
"213","213","ميديكا","MEDICA","","","","1","","","",""
"214","214","ايموفورم","EMOFORM","","","","1","","","",""
"215","215","جيبسونا الفرنسية","GYPSONA FRANCE","","","","1","","","",""
"216","216","أكتيف الأنجليزية","ACTIVE  ENGLISH","","","","1","","","",""
"217","217","مصر ماركتينج","MISR MARKETING","","","","1","","","",""
"218","218","ارازينى","ARAZAINI","","","","1","","","1","20/09/2007 1:40:34 pm"
"219","219","اكاديما انترناشيونال تريدينج","ACADIMA INTERNATIONAL TRADING  Ati","","","","1","","","",""
"220","220","ماريز","MARIES","","","","1","","","",""
"221","221","بيوفيلم","BIOFILM","","","","1","","","",""
"222","222","ليدرز فارم","LEADERS PHARM","","","","1","","","1","20/09/2007 3:08:13 pm"
"223","223","دورج","DORGE -- D","","","","1","","","",""
"224","224","جاماكس أل","GAMAX L","","","","1","","","",""
"225","225","جدكو","JEDCO","","","","1","","","",""
"226","226","يوشيندو","YOSHINDO","","","","1","","","",""
"227","227","بي. دي .تي","B. D . T","","","","1","","","",""
"228","228","بيوريتش","BIORICHE","","","","1","","","",""
"229","229","نافا","NAPHA","","","","1","","","",""
"230","230","بيمكس","PEEMEX","","","","1","","","",""
"231","231","مان فريش كو","MAN FRESH CO","","","","1","","","",""
"232","232","راوا واجنر","RAWA WAGNER","","","","1","","","",""
"233","233","أتومان","OTTOMAN","","","","1","","","",""
"234","234","بايلول","BAILLEUL","","","","1","","","",""
"235","235","يو بي إس أيه","UPSA","","","","1","","","",""
"236","236","أركيديا أنترناشيونال","ARKEDIA ITERNATIONAL","","","","1","","","",""
"237","237","سيبكو","SEPCO COMPANY","","","","1","","","",""
"238","238","دي أي أن كيه","DENK","","","","1","","","",""
"1","1","غير معرفة","NOT AVAILABLE","","","","1","","","1","13/06/2007 2:20:50 pm"
"2","2","افينتس فارما","AVENTIS PHARMA","","","","1","","","1","08/12/2007 4:44:12 pm"
"3","3","رولاب","ROLAB","","","","1","","","",""
"4","4","لايف سرفيس","LIFE SERVICE","","","","1","","","",""
"5","5","الصياد","EL-SAYAD","","","","1","","","",""
"6","6","براون","BRAUN","","","","1","","","",""
"7","7","كارفن","CARVEN","","","","1","","","",""
"8","8","هيلثى","HEALTHY","","","","1","","","",""
"9","9","اورال بي","ORAL-B","","","","1","","","",""
"10","10","ايمكو","AMECO","","","","1","","","",""
"11","11","سيمكس","SEMIX","","","","1","","","",""
"12","12","فيوتشر لين","FUTUR LINE","","","","1","","","1","08/12/2007 4:36:48 pm"
"13","13","الانصار","AL ANSAR","","","","1","","","",""
"14","14","بيربيريز","BURBERRYS","","","","1","","","",""
"15","15","اوريون فارما","ORION PHARMA","","","","1","","","",""
"16","16","اوركيديا","ORCHIDIA","","","","1","","","",""
"17","17","بيوجال","BIOGAL","","","","1","","","",""
"18","18","كابتيك","CAPTEK","","","","1","","","",""
"19","19","وايدر","WEIDER","","","","1","","","",""
"20","20","ليدر بيبي","LEADER BABY","","","","1","","","",""
"21","21","شيكو","CHICCO","","","","1","","","",""
"22","22","بايجون","BYGON","","","","1","","","",""
"23","23","نيوك","NUK","","","","1","","","",""
"24","24","كاريرا","CARRERA","","","","1","","","",""
"25","25","ليماكو فارمانت","LEMACO PHARMA NET","","","","1","","","",""
"26","26","بلايتكس","PLYTEX","","","","1","","","",""
"27","27","شيبريت","CHIBRET","","","","1","","","",""
"28","28","افينتس","AVENTIS","","","","1","","","1","08/12/2007 4:43:59 pm"
"29","29","لوف & كير","LOVE & CARE","","","","1","","","",""
"30","30","بيبى ديور","BABY DUR","","","","1","","","",""
"31","31","راو فارما","Raw Pharma","","","","1","","","",""
"32","32","بيولوج","BIOLOG","","","","1","","","",""
"33","33","سباى فارمانت","SPI PHARMA NET","","","","1","","","",""
"34","34","فيندي","FRNDI","","","","1","","","",""
"35","35","جاسبير","JASSPER","","","","1","","","",""
"36","36","ناسيت","NACET","","","","1","","","",""
"37","37","شول","SCHOLL","","","","1","","","",""
"38","38","بياف","PIAVE","","","","1","","","",""
"39","39","ويلمر","WILLMAR","","","","1","","","",""
"40","40","مودرن فارماسوتيكال","MODERN PHARMACEUTICAL CENTER","","","","1","","","",""
"41","41","كيوراسان","CURASAN","","","","1","","","",""
"42","42","جافكو","GAFCO INT.","","","","1","","","",""
"43","43","يونى فارم","UNIPHARM","","","","1","","","1","20/09/2007 2:30:34 pm"
"44","44","نوفوتيك فارما","NOVOTIC PHARM","","","","1","","","1","20/09/2007 2:55:42 pm"
"45","45","برو- سبورت","PRO SPORT","","","","1","","","",""
"46","46","روزاليند","ROSALIND","","","","1","","","",""
"47","47","ف ترينكا","F.TRENKA","","","","1","","","",""
"48","48","جولدن","GOLDEN","","","","1","","","",""
"49","49","ستون هيلث كير","SETON HEALTHCARE GROUP","","","","1","","","",""
"50","50","انتر فارما","INTER PHARMA","","","","1","","","",""
"51","51","مصر للغزل و النسيج","MISR SPIN & WEAVING","","","","1","","","",""
"52","52","الفا ميديسن","ALPHA MEDICINE","","","","1","","","",""
"53","53","المتحدة للكيماويات","UNITED CO. FOR CHEMICALS","","","","1","","","",""
"54","54","فينيس","FINESSE","","","","1","","","",""
"55","55","السعوية المصرية للادوية","EGYPTIAN SAUDI PHARM","","","","1","","","",""
"56","56","مالتي فارما","MULTI PHARMA","","","","1","","","",""
"57","57","ماستر بروفشيونال","MASTER PROFESSIONAL","","","","1","","","",""
"58","58","مينى سوفت","MINI SOFT","","","","1","","","1","21/12/2007 4:07:34 am"
"59","59","مينا سيريل","MENA CYRIL","","","","1","","","",""
"60","60","لاندرلان","LANDERLAN","","","","1","","","",""
"61","61","نيوبورت","NEW PORT","","","","1","","","",""
"62","62","ناتشورال لايف","NATURAL LIFE","","","","1","","","",""
"63","63","بيورجا","BIORGA","","","","1","","","",""
"64","64","ريفلون","REVLON","","","","1","","","",""
"65","65","توب فارم","TOP PHARM","","","","1","","","",""
"66","66","جرنثال","GRUNETHAL","","","","1","","","",""
"67","67","تري ميديكا","TRI MEDICA","","","","1","","","",""
"68","68","ثيربلاكس","THERPLEX","","","","1","","","",""
"69","69","فريسلاند","FRICLAND","","","","1","","","",""
"70","70","توين لابوراتوريز","TWIN  LABORATORIES INC.","","","","1","","","",""
"71","71","بيونوريكا","BIONORICA","","","","1","","","",""
"72","72","كونسيل فارماسوتيكالز","KONSYL PHARMACEUTICAL","","","","1","","","",""
"73","73","لاب د. بوشارا","LAB DU DOCTEUR BOUCHARA","","","","1","","","",""
"74","74","هوبيجون","HOUBIGANT","","","","1","","","",""
"75","75","هيرمال كيميا","HERMAL ChEMI","","","","1","","","",""
"76","76","هيلثي اند فيت","HEALTHY & FIT","","","","1","","","",""
"77","77","امري تيفت","EMRI TIFT","","","","1","","","",""
"78","78","مناير","MANAYER","","","","1","","","",""
"79","79","سانافارم","SANFARM","","","","1","","","",""
"80","80","ميرك شارب","MERCK Sharp","","","","1","","","1","20/09/2007 12:16:33 pm"
"81","81","بولن","POLLEN","","","","1","","","",""
"82","82","روكس","ROQUES","","","","1","","","",""
"83","83","د. فالك","DR. FALK","","","","1","","","",""
"84","84","جاكومو","JACOMO","","","","1","","","",""
"85","85","بروتينا","PROTINA","","","","1","","","",""
"86","86","ديرميك لابوراتوريز","DERMIK LABORATORIES","","","","1","","","",""
"87","87","د. مان","DR. MANN","","","","1","","","",""
"88","88","مندي فارما","MUNDI  PHARMA","","","","1","","","",""
"89","89","شوفين بلاش","CHAUVIN  BLACHE","","","","1","","","",""
"90","90","الحكمة","HIKMA","","","","1","","","",""
"91","91","اميريكان هيلث","AMERICAN HEALTH","","","","1","","","",""
"92","92","جريمبيرج","GRIMBERG","","","","1","","","",""
"93","93","شيمينوفا","CHEMINOVA INTERNACIONAL","","","","1","","","",""
"94","94","كلينيك","CLINIQUE","","","","1","","","",""
"95","95","بوفور ايبسين","BEAUFOUR IPSEN","","","","1","","","",""
"96","96","هولستيكا","HOLESTICA","","","","1","","","",""
"97","97","السيسي","AL-SISI","","","","1","","","",""
"98","98","سولكو","SOLCO","","","","1","","","",""
"99","99","هيلث لاين إنتيرناشيونال","HEALTH LINE  INTL","","","","1","","","",""
"100","100","ليراس","LIERAS","","","","1","","","",""
"101","101","ماديس","MADAUS","","","","1","","","",""
"102","102","الدبيكي فارما","AL-DEBEKY PHARMA","","","","0","","","1","20/09/2007 6:14:14 pm"
"103","103","مزر كير","MOTHER CARE","","","","1","","","",""
"104","104","لايف تايم","LIFE TIME","","","","1","","","",""
"105","105","اس تي دوبون","S.T DUPONT","","","","1","","","",""
"106","106","بريت بيجن","BRIGHT BEGIN","","","","1","","","",""
"107","107","ماكسى كيور","MAXI CURE","","","","1","","","",""
"108","108","هيمالايا","HIMALAYA DRUG COMPANY","","","","1","","","",""
"109","109","ساوفلون","SAUFLON","","","","1","","","",""
"110","110","ابن سينا","IBN SINA","","","","1","","","",""
"111","111","نيوتري سورس","NUTRI SOURCE CORPORATION","","","","1","","","",""
"112","112","اتش لندبيك","H LUNDBECK","","","","1","","","",""
"113","113","روها فارما","ROHA PHARMA","","","","1","","","",""
"114","114","تشيسي","CHEISI","","","","1","","","",""
"115","115","ديلانو","DELANO","","","","1","","","",""
"116","116","اجيبشان فارماسوتيكالز","EGYPTIAN PHARMACEUTICAL","","","","1","","","",""
"117","117","انجليني","ANGELINI","","","","1","","","",""
"118","118","طيبة فارم","TIBA PHARM","","","","1","","","",""
"748","940","فالكون","FALCON","","","","1","1","","1","08/12/2007 4:56:15 pm"
"749","749","ام او اتش","M O H","","","","1","1","","",""
"750","750","جلاكسو 2","GLAXO 2","","","","0","1","","1","09/01/2008 11:24:03 pm"
"751","751","ادفو كيور","Edfo Cure","","","","1","1","","",""
"752","752","اكوب فارم","Acop Pharm","","","","1","1","","",""
"753","753","نايل جروب","","","","","1","1","","",""
"754","754","ابوت مستورد","ABBOTT IMPORTED","","","","1","1","","1","08/12/2007 4:37:24 pm"
"755","755","ايزيس","Isis","","","","1","1","","",""
"756","756","مالتى مستورد","Multi Imported","","","","1","1","","",""
"757","757","داياتيكا","","","","","1","1","","",""
"758","758","العربية","elArabaya","","","","1","1","","1","20/09/2007 12:08:36 pm"
"759","759","ابتيموم","Aptemom","","","","1","1","","1","20/09/2007 6:15:38 pm"
"760","","الكون  ع","","","","","1","1","","",""
"761","","ميديا فارم","","","","","1","1","","",""
"762","762","الصفا","el Safa","","","","1","1","","",""
"763","763","اكورد","Acord","","","","1","1","","",""
"764","764","ايه ام فارم","A M Pharm","","","","1","1","","",""
"765","765","برازر فارم","Brother Pharm","","","","1","1","","",""
"766","766","الكرنك","elKarnak","","","","1","1","","1","20/09/2007 1:38:40 pm"
"767","767","ايجيبت لاب","Egypt lab","","","","1","1","","",""
"768","768","جلفار","","","","","0","1","","1","25/01/2008 1:24:47 am"
"769","769","هيلث ويل","Health Well","","","","1","1","","1","20/09/2007 1:47:06 pm"
"770","770","الاندلس","el Andalos","","","","1","1","","",""
"771","771","ساندوز","Sandoz","","","","1","1","","",""
"772","772","الفا فارم","Alfa Pharm","","","","1","1","","1","20/09/2007 7:56:29 pm"
"773","773","جاكوب","Jacop","","","","1","1","","",""
"774","774","اليكو فارم","Alico Pharm","","","","1","1","","",""
"775","775","ايجيبت فار","Egyptphar","","","","1","1","","",""
"776","776","فيرتكس","","","","","1","1","","",""
"777","777","الاهلية","el Ahleyya","","","","1","1","","",""
"778","778","اكديما","Akdema","","","","1","1","","",""
"779","779","مالتى محلى","Multi Local","","","","1","1","","1","20/09/2007 2:17:06 pm"
"780","780","لوجوس فارم","Logos Pharm","","","","1","1","","",""
"781","781","ايجيبشن فا","Egyptian Fa","","","","1","1","","",""
"782","782","معامل ويزر","Wizar Lab","","","","1","1","","",""
"783","783","وايث مصر","","","","","1","1","","",""
"784","784","العالمية","","","","","1","1","","",""
"785","785","الدبيكى","Al Debeky","","","","1","1","","1","20/09/2007 6:15:11 pm"
"786","786","سبا","","","","","1","1","","",""
"787","787","اوريجينال","Original","","","","1","1","","",""
"788","788","اكسلانس","","","","","1","1","","",""
"789","789","اى اف تى","E F T","","","","1","1","","",""
"790","790","بى اى جى","B I G","","","","1","1","","",""
"791","791","بيرلا فارم","Perla Pharm","","","","1","1","","",""
"792","792","بييول فرما","","","","","1","1","","",""
"793","793","المتحدون","","","","","1","1","","",""
"794","794","انديستريز","","","","","1","1","","",""
"795","795","انفينتى فا","","","","","1","1","","",""
"796","796","جنوب مصر","","","","","1","1","","",""
"797","797","سلام فارم","","","","","1","1","","",""
"798","798","ادفنس فارم","ADVANCE PHARM","","","","1","1","","1","08/12/2007 4:57:23 pm"
"799","799","اركيديا","","","","","1","1","","",""
"800","800","انترنشونال","","","","","1","1","","",""
"801","801","جامكس ليدر","Gamax Leader","","","","1","1","","",""
"802","802","جنرال تكنو","General Techno","","","","1","1","","",""
"803","803","شفا طبية","","","","","1","1","","",""
"804","804","فارما كيور","Pharma Cure","","","","1","1","","",""
"805","805","هيلثى لايف","Healthy Life","","","","1","1","","",""
"806","806","ميدل ايست","Middle East","","","","1","1","","",""
"807","807","فارميكس","Pharmex","","","","1","1","","",""
"808","808","ريفال فارم","Rifal Pharm","","","","1","1","","",""
"809","809","رونى فارما","Rony Pharm","","","","1","1","","",""
"810","810","ايه وان فارما","A1 Pharma","","","","1","1","","1","20/09/2007 3:13:49 pm"
"811","811","استرا محلى","Astra local","","","","1","1","","",""
"812","812","ايجل فارما","EAGLE PHARMA","","","","1","1","","1","08/12/2007 4:48:45 pm"
"813","813","ابوت نيو","Abbott New","","","","1","1","","1","08/12/2007 4:38:36 pm"
"814","814","ارجانون","Arganon","","","","1","1","","",""
"815","815","ايفرجرين","","","","","1","1","","",""
"816","816","جامكس فارم","Gamax Pharm","","","","1","1","","",""
"817","817","دى كيه تى","D K T","","","","1","1","","",""
"818","818","سامت فارم","Samt Pharm","","","","1","1","","",""
"819","819","هيلثى فارم","Health Pharm","","","","1","1","","",""
"820","820","لمكو فارم","Lemco Pharm","","","","1","1","","",""
"821","821","نوترافيت","Notravit","","","","1","1","","1","20/09/2007 3:25:47 pm"
"822","822","المبتكرون","","","","","1","1","","",""
"823","823","هيومان كير","Human Care","","","","1","1","","",""
"824","824","ماجيك","Magic","","","","1","1","","",""
"825","825","دياموند","Diamond","","","","1","1","","",""
"826","826","اونست","","","","","1","1","","",""
"827","827","زام فارم","Zam Pharm","","","","1","1","","",""
"828","828","فلير فارما","","","","","1","1","","",""
"829","829","جوبيترفارم","Jubitar Pharm","","","","1","1","","",""
"830","830","راند فارم","Rand Pharm","","","","1","1","","",""
"831","831","ثرى ايه","three A","","","","1","1","","",""
"832","832","ثرى سى","Three C","","","","1","1","","",""
"833","833","بيرفيكت","Perfect","","","","1","1","","",""
"834","834","بيركس","","","","","1","1","","",""
"835","835","ادلين فارم","Adlen Pharm","","","","1","1","","",""
"836","836","ادموفارما","Admo Pharm","","","","1","1","","",""
"837","837","مركزالمصرى","","","","","1","1","","",""
"838","838","ميدكس فارم","Medex Pharm","","","","1","1","","",""
"839","839","فارما لاروش","Pharma Laroche","","","","1","1","","",""
"840","840","سى هيلث","C Health","","","","1","1","","",""
"841","841","ادمونكو","Admon co","","","","1","1","","",""
"842","842","افنتس مستورد","AVENTIS IMPORTED","","","","1","1","","1","08/12/2007 4:43:47 pm"
"843","843","افيروس فارم","Averos Pharm","","","","1","1","","",""
"844","844","اميكو","Ameo","","","","0","1","","1","08/12/2007 4:41:40 pm"
"845","845","جريت فارما","Great Pharma","","","","1","1","","",""
"846","846","جوسانا","Gosana","","","","1","1","","",""
"847","847","رون بولان","Ron Polan","","","","1","1","","",""
"848","848","رافا فارم","Rafa Pharm","","","","1","1","","",""
"849","849","رويال","Royal","","","","1","1","","",""
"850","850","سانتكس فارم","Santex Pharm","","","","1","1","","",""
"851","","فارتس","","","","","1","1","","",""
"852","852","فيجن فارما","","","","","1","1","","",""
"853","853","ماركيرل(مك","","","","","1","1","","",""
"854","854","م0 شرقية","","","","","1","1","","",""
"855","855","يونى سواب","","","","","1","1","","",""
"856","856","كليوفارما","","","","","1","1","","",""
"857","857","نرهادو","","","","","1","1","","",""
"858","858","ميدى سيرف","","","","","1","1","","",""
"859","859","متحدة توزي","","","","","1","1","","",""
"860","860","طيبةفارم","","","","","1","1","","",""
"861","861","هورايزون ف","","","","","1","1","","",""
"862","862","فيلوماروتي","","","","","1","1","","",""
"863","863","نيوهوريزون","","","","","1","1","","",""
"864","864","باستير لاب","","","","","1","1","","",""
"865","865","صوفى فارما","","","","","1","1","","",""
"866","866","مصرية ت","","","","","1","1","","",""
"867","867","سينتفك جرو","","","","","1","1","","",""
"868","868","توب تيك","","","","","1","1","","",""
"869","869","المؤسسة ال","","","","","1","1","","",""
"870","870","اس1س1دويه","","","","","1","1","","",""
"871","871","مكتب تجارى","","","","","1","1","","",""
"872","872","سيسك","","","","","1","1","","",""
"873","873","سيرفييه","","","","","1","1","","",""
"874","874","العالميةال","","","","","1","1","","",""
"875","875","فيوتشرلاين","","","","","1","1","","",""
"876","876","افنتس","AVENTIS PHARMACEUTICAL","","","","1","1","","1","08/12/2007 4:58:56 pm"
"877","877","مودرن فارم","","","","","1","1","","",""
"878","878","الفرعونيه","","","","","0","1","","1","22/01/2008 2:54:29 am"
"879","879","نوفوتيك","","","","","1","1","","",""
"880","880","الانصار ت","","","","","1","1","","",""
"881","881","جولدن لايف","","","","","1","1","","",""
"882","882","ارا زينى","","","","","1","1","","",""
"883","883","يونفارم","","","","","0","1","","1","30/01/2008 5:28:47 am"
"884","884","سكويب مستو","","","","","1","1","","",""
"885","885","ش  اسكندرية","","","","","1","1","","1","12/02/2008 7:21:32 am"
"886","886","سوبرفارم","","","","","1","1","","",""
"887","887","بيرلافارم","","","","","1","1","","",""
"888","888","شيلتر فارم","","","","","1","1","","",""
"889","889","نترنشونال","","","","","1","1","","",""
"890","890","فارماكيور","","","","","1","1","","",""
"891","891","دلتافارم","","","","","1","1","","",""
"892","892","ستارانترنش","","","","","1","1","","",""
"893","893","ام اس بى","","","","","1","1","","",""
"894","894","نادر فارم","","","","","1","1","","",""
"895","895","اية بي اى","A P I","","","","1","1","","",""
"896","896","الكون فى","","","","","1","1","","",""
"897","897","فارما مكس","pharmamix","","","","1","1","","",""
"898","898","ايتومكس","etumax","","","","1","1","","",""
"899","899","ريفافارم","rivapharm","","","","1","1","","",""
"900","900","اى زد باك","EZ pac","","","","1","1","","",""
"901","901","برج","borg","","","","1","1","","",""
"902","902","فارمانت","pharmanet","","","","1","1","","",""
"903","903","رانيا","rania","","","","1","1","","",""
"904","904","بيوتيك","BIOTEC","","","","1","1","","",""
"905","905","ويسترن","WESTERN","","","","1","1","","",""
"906","906","هيرو","HERO","","","","1","1","","",""
"907","907","الرواد","ROWAD","","","","1","1","","",""
"908","908","ايبك مصر","EPIC MISR","","","","1","1","","",""
"909","909","اورجانو","ORGANO","","","","1","1","","",""
"910","910","فورديل","FORDEL","","","","1","1","","",""
"911","911","فور اية","FOUR A","","","","1","1","","",""
"912","912","لوجيستيك فارما","LOGESTIC PHARMA","","","","1","1","","",""
"913","913","سكوب","SCOPE","","","","1","1","","",""
"914","914","كويسر","QUEISSER","","","","1","1","","",""
"915","915","نابكو","NAPCO","","","","1","1","","",""
"916","916","فارابى","FARABI","","","","1","1","","",""
"917","917","مالتى ابكس","MULTI-APEX","","","","1","1","","",""
"918","918","المكتب التجارى الدولى","INTERNATIONAL TRADING OFFICE","","","","1","1","","",""
"919","919","بارك فيل","PARK VILLE","","","","1","1","","",""
"920","920","فارماسيا اليت","PHARMACIA ELITE","","","","1","1","","",""
"921","921","ساجا فارما","SAGA PHARMA","","","","1","1","","",""
"922","922","فاليرا","VALERA","","","","1","1","","",""
"923","923","المصرية لمستحضرات التجميل","MASRIYA FOE COSMETICS","","","","1","1","","",""
"924","924","هيليكس","HELIX","","","","1","1","","",""
"925","925","فارماكون","PHARMAKON","","","","1","1","","",""
"926","926","ايزى للتجميل","EASY BEAUTY","","","","1","1","","",""
"927","927","باراديز","PARADISE","","","","1","1","","1","01/02/2008 12:05:34 pm"
"928","928","اراب كابس","ARAB CAPS","","","","1","1","","",""
"929","929","مارفيل","MARVEL","","","","1","1","","",""
"930","930","ودجات فارم","WEDGAT PHARM","","","","1","1","","",""
"931","931","SCOPE PHARMA","","","","","1","1","","",""
"932","932","ميفو","mevio","","","","1","1","","",""
"933","933","المجموعة المصرية","","","","","1","1","","",""
"934","934","سابأ","SABAA","","","","1","1","","",""
"935","935","بى ام ايجيبت","","","","","1","1","","",""
"936","936","هشام ميديكال","","","","","1","1","","",""
"937","937","جلوكوفلكس","GLUCOFLEX","","","","1","1","","",""
"938","938","الطرشوبى","","","","","1","1","","",""
"939","939","حكمه فارما","","","","","1","1","","",""
"940","941","مالتى ميديكال انترناشونال","MULTI MEDICAL INTERNATIONAL","","","","1","1","","",""
"941","942","ميديزن","MEDIZEN","","","","1","1","","",""
"942","942","افنتس 2","افنتس 2","","","","1","1","","",""
"943","943","ش  ممفيس","ش  ممفيس","","","","1","1","","",""
"944","944","جراند فارما","GRAND PHARMA","","","","1","1","05/05/2011 6:52:18 pm","",""
"945","945","لاروش بوسي","LA ROCHE POSY","","","","1","1","22/08/2015 1:23:59 pm","",""
