ven_id,ven_code,ven_name_ar,ven_name_en,ven_tel,ven_address,ven_mgr_name,ven_b2b_name,ven_b2b_serial,ven_pharm_code,ven_usr_code,ven_max_credit,ven_current_credit,ven_b2b,ven_b2b_notes,ven_cash_disc,ven_return_interval,ven_active,ven_min_expire,ven_cust_id,sec_insert_uid,sec_insert_date,sec_update_uid,sec_update_date,ven_b2b_adv,ven_b2b_adv2,ven_start_credit,ven_start_debit,ven_source_tax
"89","89","ميد كير نيفيا","MidCare Nivia","","","","","","","","100000.0000","0.0000","0","","0","0","1","0","0","","06/06/2007 10:55:32 am","5","05/10/2015 4:04:44 pm","","","0.0000","0.0000","0.00"
"91","91","المتحدة للتوزيع اكسسوار","UCD","","","","","","","","100000.0000","0.0000","0","","0","0","1","0","0","","06/06/2007 10:55:32 am","1","05/10/2015 4:04:44 pm","","","0.0000","0.0000","0.00"
"99","99","ميراكل","Miracle","","","","","","","","100000.0000","0.0000","0","","0","0","1","0","0","","06/06/2007 10:55:32 am","5","05/10/2015 4:04:44 pm","","","0.0000","0.0000","0.00"
"102","102","مورد جرد","","","","","","","","","100000.0000","0.0000","0","","0","0","1","0","0","1","01/11/2007 1:26:13 am","1","05/10/2015 4:04:44 pm","","","0.0000","0.0000","0.00"
"103","103","افراد","PERSON","","","","","","","","1000000.0000","0.0000","0","","0","0","1","0","0","1","03/01/2008 12:30:53 am","1","05/10/2015 4:04:44 pm","","","0.0000","0.0000","0.00"
"104","104","مخزن المصرية","","","","","","","","","10000000.0000","0.0000","0","","0","0","1","0","1","1","21/01/2009 9:31:06 pm","1","05/10/2015 4:04:44 pm","","","0.0000","0.0000","0.00"
"105","105","مخزن الملك فارم للادوية","","","النعام","","","","","","100000.0000","0.0000","0","","0","0","1","0","2","1","21/01/2009 10:38:02 pm","1","05/10/2015 4:04:44 pm","","","0.0000","0.0000","0.00"
"109","109","السنبلاوين","","","","","","","","","1000000.0000","0.0000","0","","0","0","1","0","6","1","29/01/2009 12:38:31 pm","5","05/10/2015 4:04:44 pm","","","0.0000","0.0000","0.00"
"110","110","معمل","","","","","","","","","10000000.0000","0.0000","0","","0","0","1","0","5","1","29/01/2009 12:38:47 pm","5","05/10/2015 4:04:44 pm","","","0.0000","0.0000","0.00"
"111","111","قنديل","","","","","","","","","0.0000","0.0000","0","","0","0","1","0","0","1","21/06/2009 2:49:27 pm","5","05/10/2015 4:04:44 pm","","","0.0000","0.0000","0.00"
"112","112","ملك ليفر","","","","","","","","","0.0000","0.0000","0","","0","0","1","0","0","1","27/06/2009 1:00:00 pm","5","05/10/2015 4:04:44 pm","","","0.0000","0.0000","0.00"
"113","113","شركة السلام","","","","","","","","","0.0000","0.0000","0","","0","0","1","0","0","1","30/06/2009 12:42:45 pm","5","05/10/2015 4:04:44 pm","","","0.0000","0.0000","0.00"
"114","114","الشركة العربية للادوية(مبياكو)","","","","","","","","","0.0000","0.0000","0","","0","0","1","0","0","1","30/06/2009 12:55:31 pm","5","05/10/2015 4:04:44 pm","","","0.0000","0.0000","0.00"
"115","115","شركة ميدكير","","","","","","","","","0.0000","0.0000","0","","0","0","1","0","0","1","30/06/2009 1:00:42 pm","5","05/10/2015 4:04:44 pm","","","0.0000","0.0000","0.00"
"116","116","الفرعونية للتجارة والتوزيع","","","","","","","","","0.0000","0.0000","0","","0","0","1","0","0","1","04/07/2009 12:40:10 pm","5","05/10/2015 4:04:44 pm","","","0.0000","0.0000","0.00"
"117","117","كانجز وارلد مصر /اكتيف","","","","","","","","","100000.0000","0.0000","0","","0","0","1","0","0","1","07/07/2009 3:41:50 pm","5","05/10/2015 4:04:44 pm","","","0.0000","0.0000","0.00"
"118","118","اخناتون","","","","","","","","","0.0000","0.0000","0","","0","0","1","0","0","1","08/07/2009 3:15:37 pm","5","05/10/2015 4:04:44 pm","","","0.0000","0.0000","0.00"
"119","119","شركة القاهرة","","","","","","","","","0.0000","0.0000","0","","0","0","1","0","0","1","16/07/2009 11:27:28 am","5","05/10/2015 4:04:44 pm","","","0.0000","0.0000","0.00"
"120","120","فيزون للااكسسوار","","","","","","","","","0.0000","0.0000","0","","0","0","1","0","0","1","16/07/2009 2:14:21 pm","1","05/10/2015 4:04:44 pm","","","0.0000","0.0000","0.00"
"121","121","فى-اى-بى","","","","","","","","","0.0000","0.0000","0","","0","0","1","0","0","1","18/07/2009 3:20:16 pm","5","05/10/2015 4:04:44 pm","","","0.0000","0.0000","0.00"
"122","122","بيوريكس","","","","","","","","","0.0000","0.0000","0","","0","0","1","0","0","1","19/07/2009 2:47:05 pm","5","05/10/2015 4:04:44 pm","","","0.0000","0.0000","0.00"
"123","123","ياسمينا","","","","","","","","","0.0000","0.0000","0","","0","0","1","0","0","1","20/07/2009 1:27:00 pm","5","05/10/2015 4:04:44 pm","","","0.0000","0.0000","0.00"
"124","124","البشاير","","","","","","","","","0.0000","0.0000","0","","0","0","1","0","0","1","20/07/2009 3:24:37 pm","5","05/10/2015 4:04:44 pm","","","0.0000","0.0000","0.00"
"125","125","نيو ميديكو فارم","","","","","","","","","0.0000","0.0000","0","","0","0","1","0","0","1","21/07/2009 10:55:26 am","1","05/10/2015 4:04:44 pm","","","0.0000","0.0000","0.00"
"126","126","شركة سان نوسان","","","","","","","","","0.0000","0.0000","0","","0","0","1","0","0","1","25/07/2009 2:45:47 pm","5","05/10/2015 4:04:44 pm","","","0.0000","0.0000","0.00"
"127","127","مستورد. ا/ حسام","","","","","","","","","100000.0000","0.0000","0","","0","0","1","0","0","1","19/08/2009 3:21:58 pm","5","05/10/2015 4:04:44 pm","","","0.0000","0.0000","0.00"
"128","128","بيراميدز","","","","","","","","","0.0000","0.0000","0","","0","0","1","0","0","1","15/09/2009 2:48:58 pm","5","05/10/2015 4:04:44 pm","","","0.0000","0.0000","0.00"
"129","129","مالتى ميديكال انترناشونال","MULTI MEDICAL INTERNATIONOAL","","","","","","","","0.0000","0.0000","0","","0","0","1","0","0","1","18/09/2009 12:14:00 am","1","05/10/2015 4:04:44 pm","","","0.0000","0.0000","0.00"
"130","130","وادى النيل","","","","","","","","","0.0000","0.0000","0","","0","0","1","0","0","1","01/03/2010 1:44:02 pm","1","05/10/2015 4:04:44 pm","","","0.0000","0.0000","0.00"
"131","131","مخزن متنوع","","","","","","","","","100000.0000","0.0000","0","","0","0","1","0","0","1","05/03/2010 3:44:43 pm","4","05/10/2015 4:04:44 pm","","","0.0000","0.0000","0.00"
"132","132","شركة بيبى جونيور","","","","","","","","","0.0000","0.0000","0","","0","0","1","0","0","1","07/03/2010 2:02:32 pm","5","05/10/2015 4:04:44 pm","","","0.0000","0.0000","0.00"
"133","133","ودجات فارما","","","","","","","","","0.0000","0.0000","0","","0","0","1","0","0","1","09/03/2010 3:18:53 pm","5","05/10/2015 4:04:44 pm","","","0.0000","0.0000","0.00"
"134","134","اكسسوار متنوع","","","","","","","","","0.0000","0.0000","0","","0","0","1","0","0","1","15/03/2010 1:10:39 pm","1","05/10/2015 4:04:44 pm","","","0.0000","0.0000","0.00"
"136","135","شركة نيك","","","","","","","","","0.0000","0.0000","0","","0","0","1","0","0","1","15/03/2010 3:23:18 pm","5","05/10/2015 4:04:44 pm","","","0.0000","0.0000","0.00"
"137","137","مخزن عامر للادوية","","","","","","","","","1000000.0000","0.0000","0","","0","0","1","0","0","1","13/04/2010 4:39:46 pm","5","05/10/2015 4:04:44 pm","","","0.0000","0.0000","0.00"
"138","138","د/سامح","","","","","","","","","0.0000","0.0000","0","","0","0","1","0","0","1","02/08/2010 6:53:29 pm","5","05/10/2015 4:04:44 pm","","","0.0000","0.0000","0.00"
"139","139","القاهرة","","","","","","","","","0.0000","0.0000","0","","0","0","1","0","0","1","16/04/2011 1:42:18 pm","5","05/10/2015 4:04:44 pm","","","0.0000","0.0000","0.00"
"140","140","جراند فارما","GRAND PHARMA","","","","","","","","0.0000","0.0000","0","","0","0","1","0","0","1","05/05/2011 6:50:29 pm","5","05/10/2015 4:04:44 pm","","","0.0000","0.0000","0.00"
"141","141","مخزن كريم فارم للادوية","KARIM PHARM","","النعام .المطرية","ا/سيد بغدادى","","","014","","90000.0000","0.0000","0","","0","0","1","0","0","1","08/10/2011 1:02:14 pm","6","05/10/2015 4:04:44 pm","","","0.0000","0.0000","0.00"
"142","142","بيبى جونيو","BABY JUNIOR","","","","","","","","0.0000","0.0000","0","","0","0","1","0","0","1","03/02/2013 5:18:45 pm","5","05/10/2015 4:04:44 pm","","","0.0000","0.0000","0.00"
"143","143","فرست دريم","first dream","","","","","","","","0.0000","0.0000","0","","0","0","1","0","0","1","06/02/2013 1:02:27 pm","5","05/10/2015 4:04:44 pm","","","0.0000","0.0000","0.00"
"144","144","بيو درما","BIO DERMA","","","","","","","","0.0000","0.0000","0","","0","0","1","0","0","1","06/02/2013 1:22:06 pm","1","05/10/2015 4:04:44 pm","","","0.0000","0.0000","0.00"
"145","145","دلتا فارم","delta farm","","","","","","","","0.0000","0.0000","0","","0","0","1","0","0","1","07/02/2013 5:18:16 pm","5","05/10/2015 4:04:44 pm","","","0.0000","0.0000","0.00"
"146","146","العالمية","","","","","","","","","0.0000","0.0000","0","","0","0","1","0","0","1","12/02/2013 12:36:36 pm","5","05/10/2015 4:04:44 pm","","","0.0000","0.0000","0.00"
"147","147","تامر فارما","TAMER FARMA","","","","","","","","0.0000","0.0000","0","","0","0","1","0","0","1","12/02/2013 4:00:16 pm","5","05/10/2015 4:04:44 pm","","","0.0000","0.0000","0.00"
"148","148","زنجبيل","","","","","","","","","0.0000","0.0000","0","","0","0","1","0","0","1","16/02/2013 1:24:23 pm","5","05/10/2015 4:04:44 pm","","","0.0000","0.0000","0.00"
"149","149","هايى دريم","HAPPY DREEM","","","","","","","","0.0000","0.0000","0","","0","0","1","0","0","1","16/02/2013 1:42:51 pm","5","05/10/2015 4:04:44 pm","","","0.0000","0.0000","0.00"
"150","150","ا.بى.سى فارما","A.B.C. FARMA","","","","","","","","0.0000","0.0000","0","","0","0","1","0","0","1","16/02/2013 2:07:05 pm","1","05/10/2015 4:04:44 pm","","","0.0000","0.0000","0.00"
"151","151","مورد بانيل","PANNEL","","","","","","","","0.0000","0.0000","0","","0","0","1","0","0","1","18/02/2013 4:57:13 pm","5","05/10/2015 4:04:44 pm","","","0.0000","0.0000","0.00"
"152","152","كيلوباترا","","","","","","","","","0.0000","0.0000","0","","0","0","1","0","0","1","18/02/2013 5:11:21 pm","5","05/10/2015 4:04:44 pm","","","0.0000","0.0000","0.00"
"153","153","شركة فيلوباتير للمستلزمات الطبية","","","","","","","","","1000000.0000","0.0000","0","","0","0","1","0","0","1","19/02/2013 3:13:22 pm","5","05/10/2015 4:04:44 pm","","","0.0000","0.0000","0.00"
"154","154","المتحدة للتعبئة و التوزيع","","","","","","","","","0.0000","0.0000","0","","0","0","1","0","0","1","19/02/2013 4:11:20 pm","1","05/10/2015 4:04:44 pm","","","0.0000","0.0000","0.00"
"155","155","يو-جى-بى فارما","U.G.P PHARMA","","","","","","","","0.0000","0.0000","0","","0","0","1","0","0","1","19/02/2013 7:09:41 pm","5","05/10/2015 4:04:44 pm","","","0.0000","0.0000","0.00"
"156","156","شركة خمس خمسات","","","","","","","","","0.0000","0.0000","0","","0","0","1","0","0","1","20/02/2013 2:35:43 pm","5","05/10/2015 4:04:44 pm","","","0.0000","0.0000","0.00"
"157","157","باريس الصغيرة","","","","","","","","","0.0000","0.0000","0","","0","0","1","0","0","1","21/02/2013 1:08:31 pm","5","05/10/2015 4:04:44 pm","","","0.0000","0.0000","0.00"
"158","158","الشركة الصناعات الغذائية","","","","","","","","","0.0000","0.0000","0","","0","0","1","0","0","1","21/02/2013 1:17:13 pm","5","05/10/2015 4:04:44 pm","","","0.0000","0.0000","0.00"
"159","159","ابسا & مكتب حبيب","","","","","","","","","0.0000","0.0000","0","","0","0","1","0","0","1","21/02/2013 2:28:32 pm","1","05/10/2015 4:04:44 pm","","","0.0000","0.0000","0.00"
"160","160","السلام للتجارة و التوزيع","","","","","","","","","0.0000","0.0000","0","","0","0","1","0","0","1","21/02/2013 5:56:43 pm","5","05/10/2015 4:04:44 pm","","","0.0000","0.0000","0.00"
"161","161","الشركة الدولية","","","","","","","","","1000000.0000","0.0000","0","","0","0","1","0","0","1","23/02/2013 1:32:03 pm","5","05/10/2015 4:04:44 pm","","","0.0000","0.0000","0.00"
"162","162","الدولية","","","","","","","","","0.0000","0.0000","0","","0","0","1","0","0","1","23/02/2013 1:56:18 pm","5","05/10/2015 4:04:44 pm","","","0.0000","0.0000","0.00"
"163","163","الراشدين","","","","","","","","","0.0000","0.0000","0","","0","0","1","0","0","1","26/02/2013 3:12:25 pm","5","05/10/2015 4:04:44 pm","","","0.0000","0.0000","0.00"
"164","164","بيروكس","PUREX HEALTH CARE","","","","","","","","0.0000","0.0000","0","","0","0","1","0","0","1","26/02/2013 3:49:46 pm","5","05/10/2015 4:04:44 pm","","","0.0000","0.0000","0.00"
"165","165","شركة سانوزان","SANOSAN COMPANY","","","","","","","","0.0000","0.0000","0","","0","0","1","0","0","1","27/02/2013 4:24:07 pm","5","05/10/2015 4:04:44 pm","","","0.0000","0.0000","0.00"
"166","166","ميديكل دستربيوشن سنتر","MEDICAL PRODUCTS","","","","","","","","0.0000","0.0000","0","","0","0","1","0","0","1","28/02/2013 3:52:53 pm","5","05/10/2015 4:04:44 pm","","","0.0000","0.0000","0.00"
"167","167","المركز التجارى الدولى","","","","","","","","","0.0000","0.0000","0","","0","0","1","0","0","1","28/02/2013 6:34:38 pm","5","05/10/2015 4:04:44 pm","","","0.0000","0.0000","0.00"
"168","168","القضاعى فرع المرج","","","","","","","","","100000.0000","0.0000","0","","0","0","1","0","0","1","17/03/2013 3:31:31 pm","5","05/10/2015 4:04:44 pm","","","0.0000","0.0000","0.00"
"169","169","يونى تريد","SUDO CREM","","","","","","","","0.0000","0.0000","0","","0","0","1","0","0","1","18/03/2013 1:51:46 am","5","05/10/2015 4:04:44 pm","","","0.0000","0.0000","0.00"
"170","170","ريفيتال","","","","","","","","","0.0000","0.0000","0","","0","0","1","0","0","1","18/03/2013 3:31:48 pm","5","05/10/2015 4:04:44 pm","","","0.0000","0.0000","0.00"
"171","171","سكن تك","skin tech","","","","","","","","0.0000","0.0000","0","","0","0","1","0","0","1","20/03/2013 7:47:57 pm","5","05/10/2015 4:04:44 pm","","","0.0000","0.0000","0.00"
"172","172","ستيب وان للتوزيع","","","","","","","","","0.0000","0.0000","0","","0","0","1","0","0","1","20/03/2013 11:24:07 pm","5","05/10/2015 4:04:44 pm","","","0.0000","0.0000","0.00"
"173","173","الشركه المصريه  للصناعات الدوائيه","egyption company for trading of health care","","","","","","","","0.0000","0.0000","0","","0","0","1","0","0","1","24/03/2013 6:58:20 pm","5","05/10/2015 4:04:44 pm","","","0.0000","0.0000","0.00"
"174","174","لينكو","LINCO","","","","","","","","0.0000","0.0000","0","","0","0","1","0","0","1","29/03/2013 2:35:47 pm","5","05/10/2015 4:04:44 pm","","","0.0000","0.0000","0.00"
"175","175","جاكوب","JACOUB","","","","","","","","0.0000","0.0000","0","","0","0","1","0","0","1","03/04/2013 5:09:50 pm","5","05/10/2015 4:04:44 pm","","","0.0000","0.0000","0.00"
"176","176","كايرو ميديكال","","","","","","","","","0.0000","0.0000","0","","0","0","1","0","0","1","03/04/2013 5:40:12 pm","5","05/10/2015 4:04:44 pm","","","0.0000","0.0000","0.00"
"177","177","ستار انتر ناشونال","STAR INTERNATIONAL","","","","","","","","0.0000","0.0000","0","","0","0","1","0","0","1","15/04/2013 3:20:53 pm","5","05/10/2015 4:04:44 pm","","","0.0000","0.0000","0.00"
"178","178","مستورد.مصطفى","IMPORT.MOSTAFA","","","مصطفى","","","","","1000000.0000","0.0000","0","","0","0","1","0","0","1","27/10/2013 6:37:36 pm","5","05/10/2015 4:04:44 pm","","","0.0000","0.0000","0.00"
"179","179","المتحدة للصيادلة المطرية","","","","","","","","","1000000.0000","0.0000","0","","0","0","1","0","0","2","17/11/2013 3:06:38 pm","5","05/10/2015 4:04:44 pm","","","0.0000","0.0000","0.00"
"180","180","مخزن الامير لمستحضرات التجميل","alamir","","","","","","","","1000000.0000","0.0000","0","","0","0","1","0","0","2","17/11/2013 3:30:57 pm","5","05/10/2015 4:04:44 pm","","","0.0000","0.0000","0.00"
"181","181","مكتب المنار للمستلزمات الطبية","","","","","","","","","100000.0000","0.0000","0","","0","0","1","0","0","2","17/11/2013 3:31:21 pm","6","05/10/2015 4:04:44 pm","","","0.0000","0.0000","0.00"
"182","182","مستورد.اشرف","","","","","","","","","100000.0000","0.0000","0","","0","0","1","0","0","2","17/11/2013 3:31:41 pm","5","05/10/2015 4:04:44 pm","","","0.0000","0.0000","0.00"
"183","183","مخزن النمر للادوية","","","","","","","","","100000.0000","0.0000","0","","0","0","1","0","0","2","17/11/2013 3:32:04 pm","5","05/10/2015 4:04:44 pm","","","0.0000","0.0000","0.00"
"184","184","مستورد .ياسر","","","","","","","","","100000.0000","0.0000","0","","0","0","1","0","0","2","17/11/2013 3:32:23 pm","5","05/10/2015 4:04:44 pm","","","0.0000","0.0000","0.00"
"185","185","شركة بارامتكو","","","","","","","","","100000.0000","0.0000","0","","0","0","1","0","0","2","17/11/2013 3:32:42 pm","5","05/10/2015 4:04:44 pm","","","0.0000","0.0000","0.00"
"186","186","مخزن مصر للتجارة والتوزيع(السعيد)","","","","","","","","","100000.0000","0.0000","0","","0","0","1","0","0","2","17/11/2013 3:33:41 pm","5","05/10/2015 4:04:44 pm","","","0.0000","0.0000","0.00"
"187","187","مستورد.فادى الجلاد","","","","","","","","","100000.0000","0.0000","0","","0","0","1","0","0","2","17/11/2013 3:34:20 pm","5","05/10/2015 4:04:44 pm","","","0.0000","0.0000","0.00"
"188","188","شركة الديار العربية بالاسكندرية","dyar alex","","","","","","","","1000000.0000","0.0000","0","","0","0","1","0","0","2","17/11/2013 3:35:12 pm","5","05/10/2015 4:04:44 pm","","","0.0000","0.0000","0.00"
"189","189","مخزن الراعى فارم","","","","","","","","","100000.0000","0.0000","0","","0","0","1","0","0","2","17/11/2013 3:35:56 pm","5","05/10/2015 4:04:44 pm","","","0.0000","0.0000","0.00"
"190","190","مخزن رويال فارم","","","","","","","","","100000.0000","0.0000","0","","0","0","1","0","0","2","17/11/2013 3:36:11 pm","5","05/10/2015 4:04:44 pm","","","0.0000","0.0000","0.00"
"191","191","مخزن الزهور  للادوية","","","","","","","","","1000000.0000","0.0000","0","","0","0","1","0","0","2","17/11/2013 3:36:25 pm","5","05/10/2015 4:04:44 pm","","","0.0000","0.0000","0.00"
"192","192","مستورد.الامل","","","","","","","","","1000000.0000","0.0000","0","","0","0","1","0","0","2","17/11/2013 3:50:43 pm","5","05/10/2015 4:04:44 pm","","","0.0000","0.0000","0.00"
"193","193","ايمون ايت","","","","","","","","","100000.0000","0.0000","0","","0","0","1","0","0","2","17/11/2013 3:51:53 pm","5","05/10/2015 4:04:44 pm","","","0.0000","0.0000","0.00"
"194","194","ريماس للمستلزمات الطبية","RIMAS","","","","","","","","100000.0000","0.0000","0","","0","0","1","0","0","3","17/11/2013 3:56:03 pm","3","05/10/2015 4:04:44 pm","","","0.0000","0.0000","0.00"
"195","195","مخزن رضا السعيد . القصر العينى","","","","","","","","","100000.0000","0.0000","0","","0","0","1","0","0","3","17/11/2013 11:58:35 pm","3","05/10/2015 4:04:44 pm","","","0.0000","0.0000","0.00"
"196","196","ميديكال سيتى","","","","","","","","","0.0000","0.0000","0","","0","0","1","0","0","4","22/08/2014 10:55:42 am","4","05/10/2015 4:04:44 pm","","","0.0000","0.0000","0.00"
"197","197","كايرو اليكس","cairo alex","","","","","","","","0.0000","0.0000","0","","0","0","1","0","0","8","25/08/2014 7:34:07 pm","8","05/10/2015 4:04:44 pm","","","0.0000","0.0000","0.00"
"198","198","حببكو","","","","","","","","","0.0000","0.0000","0","","0","0","1","0","0","1","09/08/2015 11:16:53 am","1","05/10/2015 4:04:44 pm","","","0.0000","0.0000","0.00"
"199","199","مدام راوية","","","","","","","","","0.0000","0.0000","0","","0","0","1","0","0","1","30/08/2015 10:08:14 am","1","05/10/2015 4:04:44 pm","","","0.0000","0.0000","0.00"
"1","1","افينتس فارما","Aventis  Pharma","","","","","","","","100000.0000","0.0000","0","","0","0","1","0","0","","06/06/2007 10:55:32 am","1","05/10/2015 4:04:44 pm","","","0.0000","0.0000","0.00"
"3","3","امون","Amoun","","","","","","","","100000.0000","0.0000","0","","0","0","1","0","0","","06/06/2007 10:55:32 am","5","05/10/2015 4:04:44 pm","","","0.0000","0.0000","0.00"
"5","5","الاسكندرية","Alexandria","","","","","","","","100000.0000","0.0000","0","","0","0","1","0","0","","06/06/2007 10:55:32 am","5","05/10/2015 4:04:44 pm","","","0.0000","0.0000","0.00"
"7","7","العامريه","AL Amrya","","","","","","","","100000.0000","0.0000","0","","0","0","1","0","0","","06/06/2007 10:55:32 am","4","05/10/2015 4:04:44 pm","","","0.0000","0.0000","0.00"
"8","8","ايميك","EIMC","","","","","","","","100000.0000","0.0000","0","","0","0","1","0","0","","06/06/2007 10:55:32 am","1","05/10/2015 4:04:44 pm","","","0.0000","0.0000","0.00"
"12","12","تكنوماد","technomad","","","","","","","","100000.0000","0.0000","0","","0","0","1","0","0","","06/06/2007 10:55:32 am","5","05/10/2015 4:04:44 pm","","","0.0000","0.0000","0.00"
"13","13","انترفارم","INTERPHARM","","","","","","","","100000.0000","0.0000","0","","0","","1","0","0","","06/06/2007 10:55:32 am","5","05/10/2015 4:04:44 pm","","","0.0000","0.0000","0.00"
"14","14","ميدي كير","Medi care","","","","","","","","100000.0000","0.0000","0","","0","0","1","0","0","","06/06/2007 10:55:32 am","5","05/10/2015 4:04:44 pm","","","0.0000","0.0000","0.00"
"15","15","لونا","Luna","","","","","","","","100000.0000","0.0000","0","","0","0","1","0","0","","06/06/2007 10:55:32 am","5","05/10/2015 4:04:44 pm","","","0.0000","0.0000","0.00"
"16","16","المجموعه المصريه لتجارة الأدويه","Egyptian group medical trading","","","","","","","","100000.0000","0.0000","0","","0","0","1","0","0","","06/06/2007 10:55:32 am","1","05/10/2015 4:04:44 pm","","","0.0000","0.0000","0.00"
"18","18","الكمال","Al-Kamal","","","","","","","","100000.0000","0.0000","0","","0","0","1","0","0","","06/06/2007 10:55:32 am","5","05/10/2015 4:04:44 pm","","","0.0000","0.0000","0.00"
"20","20","ماستر جروب","Master group","","","","","","","","100000.0000","0.0000","0","","0","","1","0","0","","06/06/2007 10:55:32 am","1","05/10/2015 4:04:44 pm","","","0.0000","0.0000","0.00"
"21","21","جيليت (المتحده للتوزيع)","Gillette (ucd)","","","","","","","","100000.0000","0.0000","0","","0","0","1","0","0","","06/06/2007 10:55:32 am","1","05/10/2015 4:04:44 pm","","","0.0000","0.0000","0.00"
"22","22","ايبيكو","Eipico","","","","","","","","100000.0000","0.0000","0","","0","0","1","0","0","","06/06/2007 10:55:32 am","1","05/10/2015 4:04:44 pm","","","0.0000","0.0000","0.00"
"23","23","ايفا","Eva","","","","","","","","100000.0000","0.0000","0","","0","0","1","0","0","","06/06/2007 10:55:32 am","5","05/10/2015 4:04:44 pm","","","0.0000","0.0000","0.00"
"26","26","اوتو فارم","Auto pharm","","","","","","","","100000.0000","0.0000","0","","0","","1","0","0","","06/06/2007 10:55:32 am","5","05/10/2015 4:04:44 pm","","","0.0000","0.0000","0.00"
"28","28","فاركو 1","Pharco 1","","","","","","","","100000.0000","0.0000","0","","0","0","1","0","0","","06/06/2007 10:55:32 am","8","05/10/2015 4:04:44 pm","","","0.0000","0.0000","0.00"
"29","29","ابن سينا","IBN SINA","","","","","","","","100000.0000","0.0000","0","","0","0","1","0","0","","06/06/2007 10:55:32 am","1","05/10/2015 4:04:44 pm","","","0.0000","0.0000","0.00"
"30","30","مينافارم","Minapharm","","","","","","","","100000.0000","0.0000","0","","0","0","1","0","0","","06/06/2007 10:55:32 am","1","05/10/2015 4:04:44 pm","","","0.0000","0.0000","0.00"
"31","31","المهن الطبية ام يو بي","MUP","","","","","","","","100000.0000","0.0000","0","","0","0","1","0","0","","06/06/2007 10:55:32 am","5","05/10/2015 4:04:44 pm","","","0.0000","0.0000","0.00"
"32","32","ميباكو","Mepaco","","","","","","","","100000.0000","0.0000","0","","0","0","1","0","0","","06/06/2007 10:55:32 am","5","05/10/2015 4:04:44 pm","","","0.0000","0.0000","0.00"
"33","33","مصر للتجميل","Misr","","","","","","","","100000.0000","0.0000","0","","0","0","1","0","0","","06/06/2007 10:55:32 am","5","05/10/2015 4:04:44 pm","","","0.0000","0.0000","0.00"
"35","35","نوفارتس","Novartis","","","","","","","","100000.0000","0.0000","0","","0","0","1","0","0","","06/06/2007 10:55:32 am","5","05/10/2015 4:04:44 pm","","","0.0000","0.0000","0.00"
"36","36","النيل","AL-Nile","","","","","","","","100000.0000","0.0000","0","","0","0","1","0","0","","06/06/2007 10:55:32 am","5","05/10/2015 4:04:44 pm","","","0.0000","0.0000","0.00"
"37","37","فايزر","Pfizer","","","","","","","","100000.0000","0.0000","0","","0","0","1","0","0","","06/06/2007 10:55:32 am","5","05/10/2015 4:04:44 pm","","","0.0000","0.0000","0.00"
"38","38","فارما اوفر سيز","Pharma overseas","","","","","","","","100000.0000","0.0000","0","","0","","1","0","0","","06/06/2007 10:55:32 am","1","05/10/2015 4:04:44 pm","","","0.0000","0.0000","0.00"
"40","40","سيد","CID","","","","","","","","100000.0000","0.0000","0","","0","0","1","0","0","","06/06/2007 10:55:32 am","5","05/10/2015 4:04:44 pm","","","0.0000","0.0000","0.00"
"42","42","سوفيكو فارم","Sofico pharm","","","","","","","","100000.0000","0.0000","0","","0","","1","0","0","","06/06/2007 10:55:32 am","1","05/10/2015 4:04:44 pm","","","0.0000","0.0000","0.00"
"45","45","جلاكسو","Glaxo SKB","","","","","","","","100000.0000","0.0000","0","","0","0","1","0","0","","06/06/2007 10:55:32 am","4","05/10/2015 4:04:44 pm","","","0.0000","0.0000","0.00"
"48","48","الشركة المصرية لتجارة الادوية","EL masriya","","","","","","","","100000.0000","0.0000","0","","0","","1","0","0","","06/06/2007 10:55:32 am","1","05/10/2015 4:04:44 pm","","","0.0000","0.0000","0.00"
"50","50","رامكو فارم","Ramco Pharm","","","","","","","","100000.0000","0.0000","0","","0","0","1","0","0","","06/06/2007 10:55:32 am","1","05/10/2015 4:04:44 pm","","","0.0000","0.0000","0.00"
"53","53","مالتي فارما","Multi Pharma","","","","","","","","100000.0000","0.0000","0","","0","0","1","0","0","","06/06/2007 10:55:32 am","1","05/10/2015 4:04:44 pm","","","0.0000","0.0000","0.00"
"55","55","سيفتي مصر","Safety misr","","","","","","","","100000.0000","0.0000","0","","0","","1","0","0","","06/06/2007 10:55:32 am","5","05/10/2015 4:04:44 pm","","","0.0000","0.0000","0.00"
"56","56","لاكتويل","Lactuel","","","","","","","","100000.0000","0.0000","0","","0","","1","0","0","","06/06/2007 10:55:32 am","5","05/10/2015 4:04:44 pm","","","0.0000","0.0000","0.00"
"57","57","كيما فارم","CHEMIPPHARM","","","","","","","","100000.0000","0.0000","0","","0","0","1","0","0","","06/06/2007 10:55:32 am","1","05/10/2015 4:04:44 pm","","","0.0000","0.0000","0.00"
"58","58","بي ام ايجيبت","BM egypt","","","","","","","","100000.0000","0.0000","0","","0","0","1","0","0","","06/06/2007 10:55:32 am","1","05/10/2015 4:04:44 pm","","","0.0000","0.0000","0.00"
"59","59","التوفيق","El Tawfik","","","","","","","","100000.0000","0.0000","0","","0","0","1","0","0","","06/06/2007 10:55:32 am","5","05/10/2015 4:04:44 pm","","","0.0000","0.0000","0.00"
"61","61","المتحده فارم","Motaheda Pharm","","","","","","","","100000.0000","0.0000","0","","0","","1","0","0","","06/06/2007 10:55:32 am","5","05/10/2015 4:04:44 pm","","","0.0000","0.0000","0.00"
"65","65","ويزر","Wizer","","","","","","","","100000.0000","0.0000","0","","0","","1","0","0","","06/06/2007 10:55:32 am","5","05/10/2015 4:04:44 pm","","","0.0000","0.0000","0.00"
"67","67","فارما سنتر","Pharma Center","","","","","","","","100000.0000","0.0000","0","","0","0","1","0","0","","06/06/2007 10:55:32 am","5","05/10/2015 4:04:44 pm","","","0.0000","0.0000","0.00"
"69","69","الشرق الاوسط للكيماويات","Mec - middele east","","","","","","","","100000.0000","0.0000","0","","0","0","1","0","0","","06/06/2007 10:55:32 am","1","05/10/2015 4:04:44 pm","","","0.0000","0.0000","0.00"
"70","70","مركز التنشيط المصرى","EPC","","","","","","","","100000.0000","0.0000","0","","0","0","1","0","0","","06/06/2007 10:55:32 am","5","05/10/2015 4:04:44 pm","","","0.0000","0.0000","0.00"
"71","71","ايفا فارما","Eva pharma","","","","","","","","100000.0000","0.0000","0","","0","0","1","0","0","","06/06/2007 10:55:32 am","5","05/10/2015 4:04:44 pm","","","0.0000","0.0000","0.00"
"72","72","المصرية مستورد","El masriya Imported","","","","","","","","100000.0000","0.0000","0","","0","","1","0","0","","06/06/2007 10:55:32 am","1","05/10/2015 4:04:44 pm","","","0.0000","0.0000","0.00"
"73","73","بيو فارم","BIOPHARM","","","","","","","","100000.0000","0.0000","0","","0","0","1","0","0","","06/06/2007 10:55:32 am","5","05/10/2015 4:04:44 pm","","","0.0000","0.0000","0.00"
"74","74","المتحدة للصيادلة","UCP","","","","UCP","74","","","100000.0000","0.0000","1","جميع الأصناف مسجلة باللغة العربية","0","0","1","0","0","","06/06/2007 10:55:32 am","1","05/10/2015 4:04:44 pm",".","System.Byte[]","0.0000","0.0000","0.00"
"82","82","الاصيل","elAseel","","","","","","","","100000.0000","0.0000","0","","0","0","1","0","0","","06/06/2007 10:55:32 am","5","05/10/2015 4:04:44 pm","","","0.0000","0.0000","0.00"
"88","88","نوفا فارم","Nova Pharm","","","","","","","","100000.0000","0.0000","0","","0","0","1","0","0","","06/06/2007 10:55:32 am","5","05/10/2015 4:04:44 pm","","","0.0000","0.0000","0.00"
